"","PlotID0","PlotID","Provincia","Origen","Estadillo","Cla","Subclase","nArbol","OrdenIFActual","OrdenIFAnterior","Rumbo","Distancia","Especie","Diametro1","Diametro2","Altura","Hcopa","Calidad","Forma","ParEsp","NPae","CPae","VPae","Agente","Import","Elemento"
"199453","9.2510","9.2510.A.1",9,9,2510,"A","1",1,888,1,14,5.30000019,26,394,406,13.5,NA,6,2,NA,25,NA,15,300,3,9
"199454","9.2510","9.2510.A.1",9,9,2510,"A","1",2,1,2,18,14.6000004,26,254,228,7.0999999,NA,3,5,NA,NA,NA,NA,316,3,9
"199455","9.2510","9.2510.A.1",9,9,2510,"A","1",3,888,3,22,4.4000001,26,327,407,15,NA,6,2,NA,25,NA,10,300,3,9
"199456","9.2510","9.2510.A.1",9,9,2510,"A","1",4,2,4,31,9.89999962,26,433,438,13.5,NA,3,2,NA,NA,NA,NA,312,1,3
"199457","9.2510","9.2510.A.1",9,9,2510,"A","1",5,3,5,37,8.80000019,26,309,290,14.1000004,NA,3,2,NA,NA,NA,NA,310,1,1
"199458","9.2510","9.2510.A.1",9,9,2510,"A","1",6,4,6,56,9.5,26,390,379,13.6000004,NA,3,2,NA,NA,NA,NA,312,1,3
"199459","9.2510","9.2510.A.1",9,9,2510,"A","1",7,888,7,68,16.6000004,26,574,562,9.5,NA,6,5,NA,25,NA,30,200,3,9
"199460","9.2510","9.2510.A.1",9,9,2510,"A","1",8,5,0,102,22.6000004,23,484,511,12.5,NA,2,2,NA,NA,NA,NA,100,NA,NA
"199461","9.2510","9.2510.A.1",9,9,2510,"A","1",9,888,8,107,20.3999996,26,445,493,14,NA,6,2,NA,25,NA,30,300,3,9
"199462","9.2510","9.2510.A.1",9,9,2510,"A","1",10,6,9,123,4.5999999,26,368,376,14.1000004,8.69999981,4,2,NA,25,NA,15,322,1,9
"199463","9.2510","9.2510.A.1",9,9,2510,"A","1",11,888,10,134,10.3000002,26,530,528,13.5,NA,6,2,NA,25,NA,30,300,3,9
"199464","9.2510","9.2510.A.1",9,9,2510,"A","1",12,7,0,155,22,23,428,444,14.3000002,NA,2,2,NA,NA,NA,NA,100,NA,NA
"199465","9.2510","9.2510.A.1",9,9,2510,"A","1",13,8,11,167,5.0999999,26,402,389,14.5,NA,5,2,NA,25,NA,20,322,1,9
"199466","9.2510","9.2510.A.1",9,9,2510,"A","1",14,9,12,173,13.1000004,26,397,405,11.1000004,NA,3,2,NA,NA,NA,NA,310,2,1
"199467","9.2510","9.2510.A.1",9,9,2510,"A","1",15,888,13,184,9.5,26,400,461,13,NA,6,2,NA,25,NA,35,200,3,9
"199468","9.2510","9.2510.A.1",9,9,2510,"A","1",16,10,14,186,8.80000019,26,456,450,16.6000004,NA,4,2,NA,30,NA,40,312,2,3
"199469","9.2510","9.2510.A.1",9,9,2510,"A","1",17,11,15,187,10.1000004,26,360,344,14.1999998,NA,4,2,NA,25,NA,15,322,1,4
"199470","9.2510","9.2510.A.1",9,9,2510,"A","1",18,888,16,198,12.8000002,26,477,420,11,NA,6,2,NA,25,NA,30,200,3,9
"199471","9.2510","9.2510.A.1",9,9,2510,"A","1",19,12,0,207,12,23,271,282,11.6000004,NA,2,2,NA,NA,NA,NA,100,NA,NA
"199472","9.2510","9.2510.A.1",9,9,2510,"A","1",20,13,0,213,11.8000002,23,293,281,12.8000002,NA,2,2,NA,NA,42,NA,100,NA,NA
"199473","9.2510","9.2510.A.1",9,9,2510,"A","1",21,14,0,216,11.8000002,23,305,323,13.1000004,NA,2,2,NA,NA,42,NA,100,NA,NA
"199474","9.2510","9.2510.A.1",9,9,2510,"A","1",22,15,0,230,13.1999998,26,261,260,11.3000002,NA,3,2,NA,NA,NA,NA,310,1,1
"199475","9.2510","9.2510.A.1",9,9,2510,"A","1",23,0,17,NA,NA,NA,NA,NA,NA,NA,NA,NA,NA,NA,NA,NA,NA,NA,NA
"199476","9.2510","9.2510.A.1",9,9,2510,"A","1",24,16,18,283,6.5,26,455,311,14.8000002,NA,3,5,NA,25,NA,15,322,1,4
"199477","9.2510","9.2510.A.1",9,9,2510,"A","1",25,17,19,337,9.69999981,26,526,475,12.8000002,NA,3,2,NA,25,NA,15,322,2,4
"199478","9.2510","9.2510.A.1",9,9,2510,"A","1",26,888,20,352,4.19999981,26,486,450,13.5,NA,6,2,NA,25,NA,25,200,3,9
"199479","9.2510","9.2510.A.1",9,9,2510,"A","1",27,18,0,379,19.5,23,453,525,13.8000002,NA,2,2,NA,NA,41,NA,100,NA,NA
"199561","9.2520","9.2520.A.1",9,9,2520,"A","1",1,1,0,36,13.1999998,23,281,293,9.69999981,NA,2,2,NA,NA,NA,NA,100,NA,NA
"199562","9.2520","9.2520.A.1",9,9,2520,"A","1",2,888,1,55,10.1000004,26,259,266,5,NA,6,3,NA,NA,NA,NA,300,3,9
"199563","9.2520","9.2520.A.1",9,9,2520,"A","1",3,2,2,57,6.69999981,23,238,231,9.10000038,NA,2,2,NA,NA,NA,NA,100,NA,NA
"199564","9.2520","9.2520.A.1",9,9,2520,"A","1",4,3,3,67,8.19999981,26,182,187,8.80000019,NA,3,2,NA,NA,NA,NA,310,1,1
"199565","9.2520","9.2520.A.1",9,9,2520,"A","1",5,4,4,76,5.9000001,26,263,264,8.89999962,NA,3,2,NA,NA,NA,NA,310,1,1
"199566","9.2520","9.2520.A.1",9,9,2520,"A","1",6,5,5,81,8.80000019,26,205,204,8.30000019,NA,3,2,NA,NA,NA,NA,310,1,1
"199567","9.2520","9.2520.A.1",9,9,2520,"A","1",7,6,0,87,7.5999999,23,167,167,8.30000019,NA,2,2,NA,NA,NA,NA,100,NA,NA
"199568","9.2520","9.2520.A.1",9,9,2520,"A","1",8,7,0,146,11,23,282,276,9.5,NA,3,2,NA,NA,NA,NA,300,2,3
"199569","9.2520","9.2520.A.1",9,9,2520,"A","1",9,8,6,169,4.30000019,26,266,252,8.69999981,NA,3,2,NA,NA,NA,NA,312,1,3
"199570","9.2520","9.2520.A.1",9,9,2520,"A","1",10,9,7,216,1.29999995,26,199,196,8.19999981,NA,2,2,NA,NA,NA,NA,100,NA,NA
"199571","9.2520","9.2520.A.1",9,9,2520,"A","1",11,10,0,217,13.1999998,23,236,229,9,NA,2,2,NA,NA,NA,NA,100,NA,NA
"199572","9.2520","9.2520.A.1",9,9,2520,"A","1",12,11,0,248,2.9000001,26,123,129,7,NA,2,3,NA,NA,NA,NA,100,NA,NA
"199573","9.2520","9.2520.A.1",9,9,2520,"A","1",13,12,8,251,5.4000001,23,274,277,9.39999962,NA,2,2,NA,NA,NA,NA,100,NA,NA
"199574","9.2520","9.2520.A.1",9,9,2520,"A","1",14,13,0,281,13.1999998,23,235,247,8.39999962,NA,2,2,NA,NA,NA,NA,100,NA,NA
"199575","9.2520","9.2520.A.1",9,9,2520,"A","1",15,14,9,287,7.4000001,26,247,248,10.1999998,NA,3,2,NA,NA,NA,NA,310,1,1
"199576","9.2520","9.2520.A.1",9,9,2520,"A","1",16,15,10,305,13.8999996,23,346,349,12.1999998,NA,2,2,NA,NA,NA,NA,100,NA,NA
"199577","9.2520","9.2520.A.1",9,9,2520,"A","1",17,888,11,315,3.20000005,23,258,255,9,NA,6,2,NA,NA,NA,NA,300,3,9
"199578","9.2520","9.2520.A.1",9,9,2520,"A","1",18,16,0,360,14.5,23,275,293,8.89999962,NA,2,2,NA,NA,41,NA,100,NA,NA
"199579","9.2520","9.2520.A.1",9,9,2520,"A","1",19,17,12,390,9.30000019,23,310,329,9.60000038,NA,2,2,NA,NA,NA,NA,100,NA,NA
"199580","9.2520","9.2520.A.1",9,9,2520,"A","1",20,18,13,395,5.80000019,23,204,220,7.80000019,NA,2,2,NA,NA,NA,NA,100,NA,NA
"199694","9.2533","9.2533.A.1",9,9,2533,"A","1",1,1,0,25,5.30000019,23,144,134,6.30000019,NA,2,3,NA,NA,42,NA,100,NA,NA
"199695","9.2533","9.2533.A.1",9,9,2533,"A","1",2,2,0,37,3.5,23,137,137,6,1.39999998,2,3,NA,NA,NA,NA,100,NA,NA
"199696","9.2533","9.2533.A.1",9,9,2533,"A","1",3,3,0,53,9.39999962,23,172,167,9.10000038,NA,2,2,NA,NA,NA,NA,100,NA,NA
"199697","9.2533","9.2533.A.1",9,9,2533,"A","1",4,4,0,55,9.19999981,23,187,191,9.19999981,NA,2,2,NA,NA,NA,NA,100,NA,NA
"199698","9.2533","9.2533.A.1",9,9,2533,"A","1",5,5,0,88,14.1000004,26,316,324,10.6000004,NA,3,2,NA,NA,NA,NA,310,1,1
"199699","9.2533","9.2533.A.1",9,9,2533,"A","1",6,6,0,131,11.6999998,23,295,273,8.10000038,NA,2,2,NA,NA,NA,NA,100,NA,NA
"199700","9.2533","9.2533.A.1",9,9,2533,"A","1",7,7,1,183,18.6000004,23,812,812,13.6999998,NA,2,5,NA,NA,NA,NA,100,NA,NA
"199701","9.2533","9.2533.A.1",9,9,2533,"A","1",8,888,2,192,7.9000001,26,467,483,15,NA,6,5,NA,25,NA,5,200,3,9
"199702","9.2533","9.2533.A.1",9,9,2533,"A","1",9,8,3,195,3.79999995,45,113,125,5.0999999,1.79999995,3,5,NA,NA,42,NA,311,1,2
"199703","9.2533","9.2533.A.1",9,9,2533,"A","1",10,9,5,204,4.0999999,45,157,165,6.19999981,1.60000002,2,5,NA,NA,42,NA,100,NA,NA
"199704","9.2533","9.2533.A.1",9,9,2533,"A","1",11,888,4,205,8.39999962,26,320,327,11,NA,6,5,NA,25,NA,5,200,3,9
"199705","9.2533","9.2533.A.1",9,9,2533,"A","1",12,10,7,211,11.1999998,23,495,465,12.8000002,NA,2,2,NA,NA,NA,NA,100,NA,NA
"199706","9.2533","9.2533.A.1",9,9,2533,"A","1",13,888,6,216,5.4000001,26,348,306,12.5,NA,6,2,NA,25,NA,5,200,3,9
"199707","9.2533","9.2533.A.1",9,9,2533,"A","1",14,888,8,234,8.5,26,416,435,13.5,NA,6,2,NA,25,NA,5,200,3,9
"199708","9.2533","9.2533.A.1",9,9,2533,"A","1",15,11,9,239,15.8000002,23,723,723,14.5,NA,2,4,NA,NA,NA,NA,100,NA,NA
"199709","9.2533","9.2533.A.1",9,9,2533,"A","1",16,12,0,241,3.29999995,45,78,82,4,1.39999998,2,5,NA,NA,NA,NA,100,NA,NA
"199710","9.2533","9.2533.A.1",9,9,2533,"A","1",17,13,0,278,5.5999999,26,143,134,6.4000001,NA,3,5,NA,NA,NA,NA,316,2,9
"199711","9.2533","9.2533.A.1",9,9,2533,"A","1",18,14,0,301,12.1999998,26,264,263,10.8999996,NA,3,5,NA,NA,NA,NA,316,2,9
"199712","9.2533","9.2533.A.1",9,9,2533,"A","1",19,15,10,318,7.4000001,23,371,350,13.3999996,NA,2,2,NA,NA,NA,NA,100,NA,NA
"199713","9.2533","9.2533.A.1",9,9,2533,"A","1",20,888,12,340,13.1999998,26,230,222,7.5,NA,6,2,NA,NA,NA,NA,200,3,9
"199714","9.2533","9.2533.A.1",9,9,2533,"A","1",21,888,11,340,13.1000004,26,305,305,9.5,NA,6,2,NA,NA,NA,NA,200,3,9
"199715","9.2533","9.2533.A.1",9,9,2533,"A","1",22,16,13,353,8.39999962,26,208,216,11.6999998,NA,3,5,NA,NA,NA,NA,316,1,9
"199716","9.2533","9.2533.A.1",9,9,2533,"A","1",23,17,14,359,9.30000019,26,186,197,10.1000004,NA,3,2,NA,NA,NA,NA,310,1,1
"199717","9.2533","9.2533.A.1",9,9,2533,"A","1",24,18,0,384,11,23,263,241,10.5,NA,2,2,NA,NA,NA,NA,100,NA,NA
"813380","37.254","37.254.A.1",37,37,254,"A","1",1,1,1,1,7.5999999,23,314,336,11.5,NA,2,2,NA,NA,41,NA,100,NA,NA
"813381","37.254","37.254.A.1",37,37,254,"A","1",2,2,2,33,8.69999981,23,228,235,8.39999962,NA,2,2,NA,NA,NA,NA,100,NA,NA
"813382","37.254","37.254.A.1",37,37,254,"A","1",3,3,0,43,11.1999998,23,237,232,8,NA,2,2,NA,NA,42,NA,100,NA,NA
"813383","37.254","37.254.A.1",37,37,254,"A","1",4,4,3,69,5.0999999,26,263,252,9.30000019,NA,5,2,NA,NA,NA,NA,200,3,9
"813384","37.254","37.254.A.1",37,37,254,"A","1",5,5,4,80,9.5,26,381,373,11.8000002,NA,5,2,NA,NA,NA,NA,200,3,9
"813385","37.254","37.254.A.1",37,37,254,"A","1",6,6,5,85,12.8000002,23,353,327,9.69999981,NA,3,2,NA,NA,41,NA,311,1,2
"813386","37.254","37.254.A.1",37,37,254,"A","1",7,7,6,107,3.70000005,23,323,327,9.19999981,5.0999999,3,2,NA,NA,41,NA,311,1,2
"813387","37.254","37.254.A.1",37,37,254,"A","1",8,888,7,127,5.5999999,26,297,316,10.1000004,NA,6,2,NA,NA,NA,NA,200,3,9
"813388","37.254","37.254.A.1",37,37,254,"A","1",9,8,8,130,12.5,26,345,334,12.1000004,NA,2,2,NA,NA,NA,NA,100,NA,NA
"813389","37.254","37.254.A.1",37,37,254,"A","1",10,888,9,142,6.80000019,26,210,195,9.69999981,NA,6,2,NA,NA,NA,NA,200,3,9
"813390","37.254","37.254.A.1",37,37,254,"A","1",11,9,10,150,12.5,26,276,276,11.6999998,NA,3,2,NA,NA,NA,NA,311,1,2
"813391","37.254","37.254.A.1",37,37,254,"A","1",12,10,11,157,7.80000019,26,278,293,10.3999996,NA,3,2,NA,NA,NA,NA,311,1,2
"813392","37.254","37.254.A.1",37,37,254,"A","1",13,11,12,176,5.80000019,23,155,157,5.0999999,NA,4,5,NA,NA,NA,NA,316,3,9
"813393","37.254","37.254.A.1",37,37,254,"A","1",14,12,13,181,13.6999998,26,340,373,13.3999996,NA,2,2,NA,NA,NA,NA,100,NA,NA
"813394","37.254","37.254.A.1",37,37,254,"A","1",15,888,14,192,8.80000019,26,215,215,4.4000001,NA,6,5,NA,NA,NA,NA,200,3,9
"813395","37.254","37.254.A.1",37,37,254,"A","1",16,13,15,215,7.9000001,26,367,373,11,NA,2,2,NA,NA,NA,NA,100,NA,NA
"813396","37.254","37.254.A.1",37,37,254,"A","1",17,14,16,255,4.4000001,26,315,294,10.6000004,6.69999981,2,2,NA,NA,NA,NA,100,NA,NA
"813397","37.254","37.254.A.1",37,37,254,"A","1",18,15,0,295,12.6999998,23,247,233,9.69999981,NA,3,2,NA,NA,NA,NA,316,1,9
"813398","37.254","37.254.A.1",37,37,254,"A","1",19,16,17,301,11.3999996,26,362,359,13.8000002,NA,3,2,NA,NA,NA,NA,311,1,2
"813399","37.254","37.254.A.1",37,37,254,"A","1",20,17,18,307,12.3999996,26,290,306,10.8000002,NA,3,2,NA,NA,NA,NA,311,1,2
"813400","37.254","37.254.A.1",37,37,254,"A","1",21,18,0,333,13.1000004,23,347,346,9.89999962,NA,3,2,NA,NA,NA,NA,316,1,9
"813401","37.254","37.254.A.1",37,37,254,"A","1",22,888,19,344,10.1000004,26,340,355,10,NA,6,2,NA,NA,NA,NA,200,3,9
"813402","37.254","37.254.A.1",37,37,254,"A","1",23,19,0,348,11.6999998,23,233,222,8.80000019,NA,3,2,NA,NA,NA,NA,316,1,6
"813403","37.254","37.254.A.1",37,37,254,"A","1",24,888,20,362,5.0999999,26,188,188,8.19999981,NA,6,2,NA,NA,NA,NA,200,3,9
"813404","37.254","37.254.A.1",37,37,254,"A","1",25,20,21,370,10.3999996,23,341,363,13.3000002,NA,2,2,NA,NA,41,NA,100,NA,NA
"813405","37.254","37.254.A.1",37,37,254,"A","1",26,21,22,397,3.20000005,26,239,234,7.30000019,4.5999999,3,2,NA,NA,NA,NA,316,2,9
"827427","40.85","40.85.A.1",40,40,85,"A","1",1,1,1,0,8.30000019,26,420,451,21.7000008,NA,2,2,NA,NA,NA,NA,100,NA,NA
"827428","40.85","40.85.A.1",40,40,85,"A","1",2,2,0,1,15.1999998,26,471,496,20.6000004,NA,2,2,NA,NA,NA,NA,100,NA,NA
"827429","40.85","40.85.A.1",40,40,85,"A","1",3,0,2,NA,NA,NA,NA,NA,NA,NA,NA,NA,NA,NA,NA,NA,NA,NA,NA
"827430","40.85","40.85.A.1",40,40,85,"A","1",4,3,3,42,19.7999992,26,597,616,18.5,NA,3,2,NA,28,NA,27,312,1,9
"827431","40.85","40.85.A.1",40,40,85,"A","1",5,0,4,NA,NA,NA,NA,NA,NA,NA,NA,NA,NA,NA,NA,NA,NA,NA,NA
"827432","40.85","40.85.A.1",40,40,85,"A","1",6,4,5,79,9.69999981,23,547,569,19,NA,2,2,NA,NA,NA,NA,100,NA,NA
"827433","40.85","40.85.A.1",40,40,85,"A","1",7,0,6,NA,NA,NA,NA,NA,NA,NA,NA,NA,NA,NA,NA,NA,NA,NA,NA
"827434","40.85","40.85.A.1",40,40,85,"A","1",8,0,7,NA,NA,NA,NA,NA,NA,NA,NA,NA,NA,NA,NA,NA,NA,NA,NA
"827435","40.85","40.85.A.1",40,40,85,"A","1",9,5,8,131,11,26,378,379,22.3999996,NA,2,2,NA,NA,NA,NA,100,NA,NA
"827436","40.85","40.85.A.1",40,40,85,"A","1",10,6,9,134,13.8000002,26,381,426,22.2000008,NA,2,2,NA,NA,NA,NA,100,NA,NA
"827437","40.85","40.85.A.1",40,40,85,"A","1",11,0,10,NA,NA,NA,NA,NA,NA,NA,NA,NA,NA,NA,NA,NA,NA,NA,NA
"827438","40.85","40.85.A.1",40,40,85,"A","1",12,0,11,NA,NA,NA,NA,NA,NA,NA,NA,NA,NA,NA,NA,NA,NA,NA,NA
"827439","40.85","40.85.A.1",40,40,85,"A","1",13,7,12,145,13.1999998,26,337,331,19.7000008,NA,3,2,NA,NA,NA,NA,321,1,4
"827440","40.85","40.85.A.1",40,40,85,"A","1",14,8,13,154,7,26,417,401,19.3999996,NA,2,2,NA,NA,NA,NA,100,NA,NA
"827441","40.85","40.85.A.1",40,40,85,"A","1",15,9,14,162,10.5,26,359,349,18.6000004,NA,2,2,NA,NA,NA,NA,100,NA,NA
"827442","40.85","40.85.A.1",40,40,85,"A","1",16,10,0,171,18.2999992,26,472,459,17.8999996,NA,2,2,NA,NA,NA,NA,100,NA,NA
"827443","40.85","40.85.A.1",40,40,85,"A","1",17,11,0,179,19.8999996,26,496,464,17,NA,3,2,NA,NA,NA,NA,321,1,4
"827444","40.85","40.85.A.1",40,40,85,"A","1",18,12,15,190,11.8999996,26,440,446,16.1000004,NA,2,2,NA,NA,NA,NA,100,NA,NA
"827445","40.85","40.85.A.1",40,40,85,"A","1",19,0,16,NA,NA,NA,NA,NA,NA,NA,NA,NA,NA,NA,NA,NA,NA,NA,NA
"827446","40.85","40.85.A.1",40,40,85,"A","1",20,0,17,NA,NA,NA,NA,NA,NA,NA,NA,NA,NA,NA,NA,NA,NA,NA,NA
"827447","40.85","40.85.A.1",40,40,85,"A","1",21,0,18,NA,NA,NA,NA,NA,NA,NA,NA,NA,NA,NA,NA,NA,NA,NA,NA
"827448","40.85","40.85.A.1",40,40,85,"A","1",22,13,19,238,2.5999999,26,580,589,20.2000008,NA,3,2,NA,NA,NA,NA,311,1,4
"827449","40.85","40.85.A.1",40,40,85,"A","1",23,14,20,253,5,26,354,371,15.3999996,NA,3,2,NA,30,NA,38,316,1,9
"827450","40.85","40.85.A.1",40,40,85,"A","1",24,0,21,NA,NA,NA,NA,NA,NA,NA,NA,NA,NA,NA,NA,NA,NA,NA,NA
"827451","40.85","40.85.A.1",40,40,85,"A","1",25,15,22,322,7.5,26,634,650,20.3999996,NA,3,2,NA,NA,NA,NA,311,1,4
"827452","40.85","40.85.A.1",40,40,85,"A","1",26,0,23,NA,NA,NA,NA,NA,NA,NA,NA,NA,NA,NA,NA,NA,NA,NA,NA
"827453","40.85","40.85.A.1",40,40,85,"A","1",27,16,24,360,23.2000008,23,789,789,21.3999996,NA,3,2,NA,NA,NA,NA,311,1,4
"827454","40.85","40.85.A.1",40,40,85,"A","1",28,0,25,NA,NA,NA,NA,NA,NA,NA,NA,NA,NA,NA,NA,NA,NA,NA,NA
"827455","40.85","40.85.A.1",40,40,85,"A","1",29,0,26,NA,NA,NA,NA,NA,NA,NA,NA,NA,NA,NA,NA,NA,NA,NA,NA
"827456","40.85","40.85.A.1",40,40,85,"A","1",30,17,0,379,11.5,26,317,346,17.7999992,NA,3,2,NA,NA,NA,NA,311,1,3
"827457","40.85","40.85.A.1",40,40,85,"A","1",31,18,0,382,13.3999996,23,226,224,9.19999981,NA,3,2,NA,NA,NA,NA,316,1,9
"827458","40.85","40.85.A.1",40,40,85,"A","1",32,19,27,385,2.4000001,26,205,210,15.3000002,NA,4,2,NA,NA,NA,NA,316,3,9
"827459","40.85","40.85.A.1",40,40,85,"A","1",33,0,28,NA,NA,NA,NA,NA,NA,NA,NA,NA,NA,NA,NA,NA,NA,NA,NA
"827585","40.95","40.95.A.1",40,40,95,"A","1",1,1,0,19,14.6999998,23,267,270,13.3999996,NA,2,2,NA,NA,NA,NA,100,NA,NA
"827586","40.95","40.95.A.1",40,40,95,"A","1",2,2,0,21,20,23,491,490,18.3999996,NA,2,2,NA,NA,NA,NA,100,NA,NA
"827587","40.95","40.95.A.1",40,40,95,"A","1",3,0,1,NA,NA,NA,NA,NA,NA,NA,NA,NA,NA,NA,NA,NA,NA,NA,NA
"827588","40.95","40.95.A.1",40,40,95,"A","1",4,0,2,NA,NA,NA,NA,NA,NA,NA,NA,NA,NA,NA,NA,NA,NA,NA,NA
"827589","40.95","40.95.A.1",40,40,95,"A","1",5,0,3,NA,NA,NA,NA,NA,NA,NA,NA,NA,NA,NA,NA,NA,NA,NA,NA
"827590","40.95","40.95.A.1",40,40,95,"A","1",6,0,4,NA,NA,NA,NA,NA,NA,NA,NA,NA,NA,NA,NA,NA,NA,NA,NA
"827591","40.95","40.95.A.1",40,40,95,"A","1",7,888,5,63,14.1999998,26,605,645,17,NA,6,2,NA,25,NA,10,200,3,9
"827592","40.95","40.95.A.1",40,40,95,"A","1",8,0,6,NA,NA,NA,NA,NA,NA,NA,NA,NA,NA,NA,NA,NA,NA,NA,NA
"827593","40.95","40.95.A.1",40,40,95,"A","1",9,3,7,76,6.0999999,23,336,350,14.5,NA,3,2,NA,NA,NA,NA,311,1,2
"827594","40.95","40.95.A.1",40,40,95,"A","1",10,4,8,82,8.30000019,23,330,330,14.3000002,NA,2,2,NA,NA,NA,NA,100,NA,NA
"827595","40.95","40.95.A.1",40,40,95,"A","1",11,0,9,NA,NA,NA,NA,NA,NA,NA,NA,NA,NA,NA,NA,NA,NA,NA,NA
"827596","40.95","40.95.A.1",40,40,95,"A","1",12,0,10,NA,NA,NA,NA,NA,NA,NA,NA,NA,NA,NA,NA,NA,NA,NA,NA
"827597","40.95","40.95.A.1",40,40,95,"A","1",13,5,0,100,15,23,436,427,15.5,NA,2,2,NA,NA,NA,NA,100,NA,NA
"827598","40.95","40.95.A.1",40,40,95,"A","1",14,6,0,113,18.5,23,490,445,15.5,NA,2,2,NA,NA,42,NA,100,NA,NA
"827599","40.95","40.95.A.1",40,40,95,"A","1",15,7,0,116,18.2999992,23,445,430,15.1000004,NA,2,2,NA,NA,42,NA,100,NA,NA
"827600","40.95","40.95.A.1",40,40,95,"A","1",16,0,11,NA,NA,NA,NA,NA,NA,NA,NA,NA,NA,NA,NA,NA,NA,NA,NA
"827601","40.95","40.95.A.1",40,40,95,"A","1",17,0,12,NA,NA,NA,NA,NA,NA,NA,NA,NA,NA,NA,NA,NA,NA,NA,NA
"827602","40.95","40.95.A.1",40,40,95,"A","1",18,8,0,140,23.7000008,23,555,541,15.3999996,NA,2,2,NA,NA,NA,NA,100,NA,NA
"827603","40.95","40.95.A.1",40,40,95,"A","1",19,9,0,156,9.39999962,23,208,207,8.19999981,NA,2,2,NA,NA,NA,NA,100,NA,NA
"827604","40.95","40.95.A.1",40,40,95,"A","1",20,0,13,NA,NA,NA,NA,NA,NA,NA,NA,NA,NA,NA,NA,NA,NA,NA,NA
"827605","40.95","40.95.A.1",40,40,95,"A","1",21,0,14,NA,NA,NA,NA,NA,NA,NA,NA,NA,NA,NA,NA,NA,NA,NA,NA
"827606","40.95","40.95.A.1",40,40,95,"A","1",22,0,15,NA,NA,NA,NA,NA,NA,NA,NA,NA,NA,NA,NA,NA,NA,NA,NA
"827607","40.95","40.95.A.1",40,40,95,"A","1",23,0,16,NA,NA,NA,NA,NA,NA,NA,NA,NA,NA,NA,NA,NA,NA,NA,NA
"827608","40.95","40.95.A.1",40,40,95,"A","1",24,0,17,NA,NA,NA,NA,NA,NA,NA,NA,NA,NA,NA,NA,NA,NA,NA,NA
"827609","40.95","40.95.A.1",40,40,95,"A","1",25,0,18,NA,NA,NA,NA,NA,NA,NA,NA,NA,NA,NA,NA,NA,NA,NA,NA
"827610","40.95","40.95.A.1",40,40,95,"A","1",26,888,888,NA,NA,NA,NA,NA,NA,NA,NA,NA,NA,NA,NA,NA,NA,NA,NA
"827611","40.95","40.95.A.1",40,40,95,"A","1",27,0,19,NA,NA,NA,NA,NA,NA,NA,NA,NA,NA,NA,NA,NA,NA,NA,NA
"827612","40.95","40.95.A.1",40,40,95,"A","1",28,0,20,NA,NA,NA,NA,NA,NA,NA,NA,NA,NA,NA,NA,NA,NA,NA,NA
"827613","40.95","40.95.A.1",40,40,95,"A","1",29,10,0,310,11.1000004,23,295,310,13.3000002,NA,2,2,NA,NA,NA,NA,100,NA,NA
"827614","40.95","40.95.A.1",40,40,95,"A","1",30,0,21,NA,NA,NA,NA,NA,NA,NA,NA,NA,NA,NA,NA,NA,NA,NA,NA
"827615","40.95","40.95.A.1",40,40,95,"A","1",31,11,0,328,13.3999996,26,247,257,13.6000004,NA,2,2,NA,NA,NA,NA,100,NA,NA
"827616","40.95","40.95.A.1",40,40,95,"A","1",32,12,22,333,1.60000002,26,245,255,11.3999996,3.0999999,3,2,NA,NA,NA,NA,311,1,2
"827617","40.95","40.95.A.1",40,40,95,"A","1",33,13,23,351,5.30000019,26,215,212,12.1999998,NA,3,2,NA,NA,NA,NA,311,1,2
"827618","40.95","40.95.A.1",40,40,95,"A","1",34,14,0,354,7.69999981,26,142,145,11,NA,3,2,NA,NA,NA,NA,316,1,9
"827619","40.95","40.95.A.1",40,40,95,"A","1",35,15,0,358,9,26,131,133,13,NA,3,2,NA,NA,NA,NA,316,1,9
"827620","40.95","40.95.A.1",40,40,95,"A","1",36,16,0,360,9.89999962,26,219,220,12.6999998,NA,3,2,NA,NA,NA,NA,311,1,2
"827621","40.95","40.95.A.1",40,40,95,"A","1",37,17,0,365,13.3000002,26,312,296,15,NA,2,2,NA,NA,NA,NA,100,NA,NA
"827622","40.95","40.95.A.1",40,40,95,"A","1",38,0,24,NA,NA,NA,NA,NA,NA,NA,NA,NA,NA,NA,NA,NA,NA,NA,NA
"827623","40.95","40.95.A.1",40,40,95,"A","1",39,18,25,373,4,26,124,118,8.10000038,4.19999981,4,3,NA,NA,NA,NA,300,3,9
"827624","40.95","40.95.A.1",40,40,95,"A","1",40,0,26,NA,NA,NA,NA,NA,NA,NA,NA,NA,NA,NA,NA,NA,NA,NA,NA
"827625","40.95","40.95.A.1",40,40,95,"A","1",41,19,27,373,2.79999995,26,200,196,11.5,5.5999999,2,2,NA,NA,NA,NA,100,NA,NA
"827626","40.95","40.95.A.1",40,40,95,"A","1",42,20,0,383,7.69999981,26,166,171,11.8000002,NA,3,2,NA,NA,NA,NA,311,1,2
"827627","40.95","40.95.A.1",40,40,95,"A","1",43,21,0,384,11.8000002,26,240,230,14.3000002,NA,3,2,NA,NA,NA,NA,300,1,9
"830431","40.373","40.373.A.1",40,40,373,"A","1",1,0,1,NA,NA,NA,NA,NA,NA,NA,NA,NA,NA,NA,NA,NA,NA,NA,NA
"830432","40.373","40.373.A.1",40,40,373,"A","1",2,1,2,35,7.9000001,23,257,252,9.89999962,NA,3,2,NA,NA,NA,NA,100,NA,NA
"830433","40.373","40.373.A.1",40,40,373,"A","1",3,2,0,51,14.3999996,26,295,289,10.3999996,NA,2,2,NA,NA,NA,NA,100,NA,NA
"830434","40.373","40.373.A.1",40,40,373,"A","1",4,0,3,NA,NA,NA,NA,NA,NA,NA,NA,NA,NA,NA,NA,NA,NA,NA,NA
"830435","40.373","40.373.A.1",40,40,373,"A","1",5,3,0,104,12.8999996,23,338,349,10.3000002,NA,2,2,NA,NA,NA,NA,100,NA,NA
"830436","40.373","40.373.A.1",40,40,373,"A","1",6,4,4,130,7.19999981,26,307,314,11,NA,2,2,NA,NA,NA,NA,100,NA,NA
"830437","40.373","40.373.A.1",40,40,373,"A","1",7,5,5,153,20.2999992,23,583,582,13.6999998,NA,2,2,NA,NA,NA,NA,100,NA,NA
"830438","40.373","40.373.A.1",40,40,373,"A","1",8,6,6,171,9.39999962,26,267,247,9,NA,2,2,NA,NA,NA,NA,100,NA,NA
"830439","40.373","40.373.A.1",40,40,373,"A","1",9,0,7,NA,NA,NA,NA,NA,NA,NA,NA,NA,NA,NA,NA,NA,NA,NA,NA
"830440","40.373","40.373.A.1",40,40,373,"A","1",10,7,0,270,21,23,529,482,15.6999998,NA,2,2,NA,NA,42,NA,100,NA,NA
"830441","40.373","40.373.A.1",40,40,373,"A","1",11,8,8,271,20.2000008,23,650,620,18.7000008,NA,2,2,NA,NA,42,NA,100,NA,NA
"830442","40.373","40.373.A.1",40,40,373,"A","1",12,9,9,323,9.10000038,23,614,562,15.3000002,NA,2,2,NA,NA,NA,NA,100,NA,NA
"830443","40.373","40.373.A.1",40,40,373,"A","1",13,10,0,344,14.5,26,280,298,9.80000019,NA,2,2,NA,NA,NA,NA,100,NA,NA
"830444","40.373","40.373.A.1",40,40,373,"A","1",14,0,10,NA,NA,NA,NA,NA,NA,NA,NA,NA,NA,NA,NA,NA,NA,NA,NA
"830445","40.373","40.373.A.1",40,40,373,"A","1",15,11,11,376,23.2000008,23,637,637,15.8000002,NA,3,2,NA,NA,NA,NA,310,1,4
"830733","40.398","40.398.A.1",40,40,398,"A","1",1,0,2,NA,NA,NA,NA,NA,NA,NA,NA,NA,NA,NA,NA,NA,NA,NA,NA
"830734","40.398","40.398.A.1",40,40,398,"A","1",2,888,3,51,8.89999962,26,433,434,14,NA,6,2,NA,NA,NA,NA,200,3,9
"830735","40.398","40.398.A.1",40,40,398,"A","1",3,1,4,60,20.1000004,26,427,426,13.8999996,NA,3,2,NA,23,NA,7,322,1,4
"830736","40.398","40.398.A.1",40,40,398,"A","1",4,2,5,77,18.2000008,26,503,450,14.5,NA,3,2,NA,23,NA,7,322,1,4
"830737","40.398","40.398.A.1",40,40,398,"A","1",5,888,6,132,14.5,26,509,475,13.5,NA,6,2,NA,NA,NA,NA,200,3,9
"830738","40.398","40.398.A.1",40,40,398,"A","1",6,3,0,139,2.0999999,23,185,192,6.80000019,NA,2,2,NA,NA,NA,NA,100,NA,NA
"830739","40.398","40.398.A.1",40,40,398,"A","1",7,888,7,152,3.20000005,26,373,376,14,NA,6,2,NA,NA,NA,NA,200,3,9
"830740","40.398","40.398.A.1",40,40,398,"A","1",8,4,0,156,23.3999996,23,464,461,13.1999998,NA,2,2,NA,NA,NA,NA,100,NA,NA
"830741","40.398","40.398.A.1",40,40,398,"A","1",9,5,8,158,14.6000004,26,496,433,16.3999996,NA,3,2,NA,23,NA,8,322,1,4
"830742","40.398","40.398.A.1",40,40,398,"A","1",10,0,9,NA,NA,NA,NA,NA,NA,NA,NA,NA,NA,NA,NA,NA,NA,NA,NA
"830743","40.398","40.398.A.1",40,40,398,"A","1",11,6,10,190,24.6000004,26,480,486,13.1999998,NA,4,2,NA,23,NA,8,322,1,4
"830744","40.398","40.398.A.1",40,40,398,"A","1",12,7,11,208,8.80000019,26,400,395,13.8999996,NA,3,2,NA,23,NA,8,322,1,4
"830745","40.398","40.398.A.1",40,40,398,"A","1",13,0,12,NA,NA,NA,NA,NA,NA,NA,NA,NA,NA,NA,NA,NA,NA,NA,NA
"830746","40.398","40.398.A.1",40,40,398,"A","1",14,0,13,NA,NA,NA,NA,NA,NA,NA,NA,NA,NA,NA,NA,NA,NA,NA,NA
"830747","40.398","40.398.A.1",40,40,398,"A","1",15,8,14,279,9.80000019,26,330,344,12.3000002,NA,2,2,NA,NA,NA,NA,100,NA,NA
"830748","40.398","40.398.A.1",40,40,398,"A","1",16,9,15,290,15.3999996,23,514,518,12.8999996,NA,2,2,NA,NA,41,NA,100,NA,NA
"830749","40.398","40.398.A.1",40,40,398,"A","1",17,10,16,310,22.5,23,525,497,11.8000002,NA,2,2,NA,NA,41,NA,100,NA,NA
"830750","40.398","40.398.A.1",40,40,398,"A","1",18,11,17,358,14.3000002,26,351,335,13.6999998,NA,3,2,NA,23,NA,8,322,1,4
"830751","40.398","40.398.A.1",40,40,398,"A","1",19,777,18,375,18.2000008,26,425,377,14.6000004,NA,4,2,NA,23,NA,8,322,2,4
"830752","40.398","40.398.A.1",40,40,398,"A","1",20,12,1,395,7.19999981,26,432,433,16.5,NA,3,2,NA,23,NA,8,322,1,4
"831128","40.432","40.432.A.1",40,40,432,"A","1",1,1,1,2,13.6999998,23,432,437,16.7999992,NA,2,2,NA,NA,NA,NA,100,NA,NA
"831129","40.432","40.432.A.1",40,40,432,"A","1",2,2,0,20,19.3999996,23,483,490,15.3000002,NA,2,2,NA,NA,NA,NA,100,NA,NA
"831130","40.432","40.432.A.1",40,40,432,"A","1",3,3,2,31,12.6000004,26,425,405,15.8000002,NA,3,2,NA,NA,NA,NA,311,1,4
"831131","40.432","40.432.A.1",40,40,432,"A","1",4,4,3,83,22.1000004,23,550,555,16.2999992,NA,2,2,NA,NA,NA,NA,100,NA,NA
"831132","40.432","40.432.A.1",40,40,432,"A","1",5,5,4,91,10.8999996,26,480,467,17.5,NA,3,2,NA,NA,NA,NA,312,1,9
"831133","40.432","40.432.A.1",40,40,432,"A","1",6,6,0,127,19.8999996,26,480,440,14.8000002,NA,2,2,NA,NA,NA,NA,100,NA,NA
"831134","40.432","40.432.A.1",40,40,432,"A","1",7,7,5,142,16.3999996,26,534,532,17.8999996,NA,3,2,NA,NA,NA,NA,312,1,9
"831135","40.432","40.432.A.1",40,40,432,"A","1",8,8,6,151,8.80000019,26,361,356,12.6999998,NA,2,2,NA,NA,NA,NA,100,NA,NA
"831136","40.432","40.432.A.1",40,40,432,"A","1",9,9,7,168,23.6000004,26,550,567,16.2000008,NA,3,2,NA,NA,NA,NA,312,1,9
"831137","40.432","40.432.A.1",40,40,432,"A","1",10,10,8,189,10.5,26,540,533,16.5,NA,3,2,NA,NA,NA,NA,312,1,9
"831138","40.432","40.432.A.1",40,40,432,"A","1",11,11,9,201,20.2000008,26,535,575,14.5,NA,2,2,NA,NA,NA,NA,100,NA,NA
"831139","40.432","40.432.A.1",40,40,432,"A","1",12,12,10,238,15.6000004,26,560,555,16.6000004,NA,3,2,NA,NA,NA,NA,312,1,9
"831140","40.432","40.432.A.1",40,40,432,"A","1",13,13,11,249,20.6000004,26,531,530,16.1000004,NA,3,2,NA,NA,NA,NA,312,1,9
"831141","40.432","40.432.A.1",40,40,432,"A","1",14,14,12,266,6.19999981,26,570,537,16.2999992,NA,3,2,NA,NA,NA,NA,100,NA,NA
"831142","40.432","40.432.A.1",40,40,432,"A","1",15,15,0,270,21.7999992,26,500,481,16.8999996,NA,2,2,NA,NA,NA,NA,100,NA,NA
"831143","40.432","40.432.A.1",40,40,432,"A","1",16,16,0,293,23.7999992,26,500,504,18.5,NA,3,2,NA,NA,NA,NA,312,1,9
"831144","40.432","40.432.A.1",40,40,432,"A","1",17,17,13,310,19.3999996,26,502,499,16.1000004,NA,2,2,NA,NA,NA,NA,100,NA,NA
"831145","40.432","40.432.A.1",40,40,432,"A","1",18,18,14,315,11.8000002,23,483,497,16.8999996,NA,2,2,NA,NA,NA,NA,100,NA,NA
"831146","40.432","40.432.A.1",40,40,432,"A","1",19,19,0,339,20.7000008,23,500,524,17.7999992,NA,2,2,NA,NA,NA,NA,100,NA,NA
"831147","40.432","40.432.A.1",40,40,432,"A","1",20,20,15,364,10.1000004,26,520,535,16.3999996,NA,4,2,NA,NA,NA,NA,300,2,9
"831148","40.432","40.432.A.1",40,40,432,"A","1",21,21,0,373,22.1000004,23,500,520,16,NA,2,2,NA,NA,NA,NA,100,NA,NA
"831149","40.432","40.432.A.1",40,40,432,"A","1",22,22,16,380,2.5,23,420,429,16.2999992,8.30000019,2,2,NA,NA,NA,NA,100,NA,NA
"831277","40.444","40.444.A.1",40,40,444,"A","1",1,1,1,19,14.3999996,26,528,505,18.3999996,NA,2,2,NA,NA,NA,NA,100,NA,NA
"831278","40.444","40.444.A.1",40,40,444,"A","1",2,2,2,34,7.69999981,26,493,489,18.1000004,NA,2,2,NA,NA,NA,NA,100,NA,NA
"831279","40.444","40.444.A.1",40,40,444,"A","1",3,3,3,36,19.8999996,26,553,562,19,NA,3,2,NA,NA,NA,NA,312,1,9
"831280","40.444","40.444.A.1",40,40,444,"A","1",4,4,4,62,16,26,502,485,17.6000004,NA,3,2,NA,NA,NA,NA,312,1,9
"831281","40.444","40.444.A.1",40,40,444,"A","1",5,5,5,80,11.1999998,26,525,513,14.6999998,NA,3,2,NA,NA,NA,NA,312,1,9
"831282","40.444","40.444.A.1",40,40,444,"A","1",6,6,6,83,6.4000001,26,317,308,16,NA,2,2,NA,NA,NA,NA,100,NA,NA
"831283","40.444","40.444.A.1",40,40,444,"A","1",7,7,0,94,20.6000004,26,437,426,16.2999992,NA,2,2,NA,NA,NA,NA,100,NA,NA
"831284","40.444","40.444.A.1",40,40,444,"A","1",8,8,7,104,23.2999992,26,523,510,16.5,NA,3,2,NA,NA,NA,NA,312,1,9
"831285","40.444","40.444.A.1",40,40,444,"A","1",9,9,8,127,8.19999981,26,402,407,15.8000002,NA,3,2,NA,NA,NA,NA,312,1,9
"831286","40.444","40.444.A.1",40,40,444,"A","1",10,0,9,NA,NA,NA,NA,NA,NA,NA,NA,NA,NA,NA,NA,NA,NA,NA,NA
"831287","40.444","40.444.A.1",40,40,444,"A","1",11,10,0,161,17.1000004,26,444,441,15,NA,2,2,NA,NA,NA,NA,100,NA,NA
"831288","40.444","40.444.A.1",40,40,444,"A","1",12,11,10,171,19.7999992,23,520,495,16.7999992,NA,2,2,NA,NA,NA,NA,100,NA,NA
"831289","40.444","40.444.A.1",40,40,444,"A","1",13,12,11,193,17.8999996,23,487,493,14.8999996,NA,2,2,NA,NA,NA,NA,100,NA,NA
"831290","40.444","40.444.A.1",40,40,444,"A","1",14,13,12,211,11.5,26,520,510,15.6999998,NA,2,2,NA,NA,NA,NA,100,NA,NA
"831291","40.444","40.444.A.1",40,40,444,"A","1",15,14,13,253,9.89999962,26,384,411,15.8000002,NA,3,2,NA,NA,NA,NA,300,1,9
"831292","40.444","40.444.A.1",40,40,444,"A","1",16,15,14,261,17.5,26,498,493,17.2000008,NA,3,2,NA,NA,NA,NA,312,1,9
"831293","40.444","40.444.A.1",40,40,444,"A","1",17,16,0,283,15.5,23,438,420,15.3999996,NA,2,2,NA,NA,NA,NA,100,NA,NA
"831294","40.444","40.444.A.1",40,40,444,"A","1",18,17,15,290,7.4000001,23,320,295,13.5,NA,2,2,NA,NA,NA,NA,100,NA,NA
"831295","40.444","40.444.A.1",40,40,444,"A","1",19,18,0,338,22.7000008,26,455,435,18,NA,2,2,NA,NA,NA,NA,100,NA,NA
"831296","40.444","40.444.A.1",40,40,444,"A","1",20,19,16,343,5.30000019,23,338,327,13.3999996,NA,2,2,NA,NA,NA,NA,100,NA,NA
"831297","40.444","40.444.A.1",40,40,444,"A","1",21,20,17,353,11.5,26,512,593,18.8999996,NA,3,2,NA,NA,NA,NA,312,1,9
"831298","40.444","40.444.A.1",40,40,444,"A","1",22,21,18,368,21.2999992,23,610,625,18.5,NA,2,2,NA,NA,NA,NA,100,NA,NA
"831299","40.444","40.444.A.1",40,40,444,"A","1",23,22,19,386,12.6999998,26,453,441,17.5,NA,2,2,NA,NA,NA,NA,100,NA,NA
"831314","40.446","40.446.A.1",40,40,446,"A","1",1,1,0,11,23.2000008,26,445,437,16.6000004,NA,2,2,NA,NA,NA,NA,100,NA,NA
"831315","40.446","40.446.A.1",40,40,446,"A","1",2,2,0,32,22.3999996,26,498,476,16.6000004,NA,3,2,NA,NA,NA,NA,312,1,9
"831316","40.446","40.446.A.1",40,40,446,"A","1",3,3,0,51,9.39999962,23,268,258,9.5,NA,2,2,NA,NA,NA,NA,100,NA,NA
"831317","40.446","40.446.A.1",40,40,446,"A","1",4,4,0,62,15.1999998,26,478,466,14.8999996,NA,3,2,NA,NA,NA,NA,312,1,9
"831318","40.446","40.446.A.1",40,40,446,"A","1",5,5,0,102,11.3000002,23,393,400,11.8999996,NA,2,2,NA,NA,NA,NA,100,NA,NA
"831319","40.446","40.446.A.1",40,40,446,"A","1",6,6,0,213,19.2000008,23,446,439,11.3999996,NA,2,2,NA,NA,NA,NA,100,NA,NA
"831320","40.446","40.446.A.1",40,40,446,"A","1",7,7,0,284,19,23,447,410,11.1000004,NA,2,2,NA,NA,NA,NA,100,NA,NA
"831321","40.446","40.446.A.1",40,40,446,"A","1",8,8,1,285,12,23,360,361,12.5,NA,2,2,NA,NA,NA,NA,100,NA,NA
"831322","40.446","40.446.A.1",40,40,446,"A","1",9,9,0,305,22.8999996,26,470,450,14.6999998,NA,3,2,NA,NA,NA,NA,100,NA,NA
"831323","40.446","40.446.A.1",40,40,446,"A","1",10,10,2,320,12.1000004,26,477,474,15.8000002,NA,2,2,NA,NA,NA,NA,100,NA,NA
"831324","40.446","40.446.A.1",40,40,446,"A","1",11,11,3,392,9.69999981,23,307,305,11.1000004,NA,2,2,NA,NA,NA,NA,100,NA,NA
"831469","40.459","40.459.A.4",40,40,459,"A","4",1,1,0,5,6.5999999,23,348,362,12.6000004,NA,2,2,NA,NA,NA,NA,100,NA,NA
"831470","40.459","40.459.A.4",40,40,459,"A","4",2,2,0,59,22.8999996,26,455,434,15.8000002,NA,3,2,NA,26,NA,5,322,1,4
"831471","40.459","40.459.A.4",40,40,459,"A","4",3,3,0,67,10.5,26,369,328,10.8000002,NA,3,2,NA,26,NA,5,322,1,4
"831472","40.459","40.459.A.4",40,40,459,"A","4",4,4,0,90,24.1000004,26,479,401,15.6000004,NA,3,2,NA,26,NA,5,322,1,4
"831473","40.459","40.459.A.4",40,40,459,"A","4",5,5,0,96,8.30000019,26,366,385,13.1000004,NA,3,2,NA,26,NA,5,322,1,4
"831474","40.459","40.459.A.4",40,40,459,"A","4",6,6,0,149,14.1000004,26,274,274,12.6000004,NA,2,2,NA,NA,NA,NA,100,NA,NA
"831475","40.459","40.459.A.4",40,40,459,"A","4",7,7,0,180,20,26,450,437,13.6999998,NA,3,2,NA,26,NA,5,322,1,4
"831476","40.459","40.459.A.4",40,40,459,"A","4",8,8,0,218,23.2000008,23,504,502,13.6000004,NA,2,2,NA,NA,NA,NA,100,NA,NA
"831477","40.459","40.459.A.4",40,40,459,"A","4",9,9,0,234,8.80000019,26,510,471,15.6000004,NA,3,2,NA,26,NA,5,322,1,4
"831478","40.459","40.459.A.4",40,40,459,"A","4",10,10,0,257,22,26,421,530,13.8999996,NA,3,2,NA,26,NA,5,322,1,4
"831479","40.459","40.459.A.4",40,40,459,"A","4",11,11,0,271,6,26,461,383,16.5,NA,3,2,NA,26,NA,5,322,1,4
"831480","40.459","40.459.A.4",40,40,459,"A","4",12,12,0,291,9.60000038,23,496,499,14.6999998,NA,2,2,NA,NA,NA,NA,100,NA,NA
"831481","40.459","40.459.A.4",40,40,459,"A","4",13,13,0,292,23.3999996,26,461,417,14.8000002,NA,3,2,NA,26,NA,5,322,1,4
"831482","40.459","40.459.A.4",40,40,459,"A","4",14,14,0,332,13.1000004,26,450,427,15.6999998,NA,3,2,NA,26,NA,5,322,1,4
"831483","40.459","40.459.A.4",40,40,459,"A","4",15,15,0,338,3.79999995,26,418,355,14.1000004,9.19999981,3,2,NA,26,NA,5,322,1,4
"831484","40.459","40.459.A.4",40,40,459,"A","4",16,16,0,356,11.1000004,26,367,422,14.1000004,NA,3,2,NA,26,NA,5,322,1,4
"831587","40.467","40.467.A.1",40,40,467,"A","1",1,1,1,23,6.19999981,26,295,282,11.3999996,NA,2,2,NA,NA,NA,NA,100,NA,NA
"831588","40.467","40.467.A.1",40,40,467,"A","1",2,0,2,NA,NA,NA,NA,NA,NA,NA,NA,NA,NA,NA,NA,NA,NA,NA,NA
"831589","40.467","40.467.A.1",40,40,467,"A","1",3,0,3,NA,NA,NA,NA,NA,NA,NA,NA,NA,NA,NA,NA,NA,NA,NA,NA
"831590","40.467","40.467.A.1",40,40,467,"A","1",4,0,4,NA,NA,NA,NA,NA,NA,NA,NA,NA,NA,NA,NA,NA,NA,NA,NA
"831591","40.467","40.467.A.1",40,40,467,"A","1",5,2,0,117,16.6000004,23,549,530,15,NA,2,2,NA,NA,NA,NA,100,NA,NA
"831592","40.467","40.467.A.1",40,40,467,"A","1",6,0,5,NA,NA,NA,NA,NA,NA,NA,NA,NA,NA,NA,NA,NA,NA,NA,NA
"831593","40.467","40.467.A.1",40,40,467,"A","1",7,3,6,164,6.30000019,26,364,466,14.5,NA,3,2,NA,26,NA,11,322,1,4
"831594","40.467","40.467.A.1",40,40,467,"A","1",8,4,7,204,14.5,26,528,485,15.1000004,NA,5,5,NA,NA,NA,NA,312,3,9
"831595","40.467","40.467.A.1",40,40,467,"A","1",9,5,8,280,23.7000008,23,648,640,16,NA,2,2,NA,NA,NA,NA,100,NA,NA
"831596","40.467","40.467.A.1",40,40,467,"A","1",10,6,9,290,14.3000002,26,489,500,13.8999996,NA,3,2,NA,NA,NA,NA,312,1,4
"831597","40.467","40.467.A.1",40,40,467,"A","1",11,7,10,296,25,26,496,481,16.8999996,NA,3,2,NA,NA,NA,NA,312,1,4
"831598","40.467","40.467.A.1",40,40,467,"A","1",12,8,11,336,19.2000008,23,559,586,17.8999996,NA,2,2,NA,NA,NA,NA,100,NA,NA
"831599","40.467","40.467.A.1",40,40,467,"A","1",13,9,12,375,20.8999996,26,485,492,14,NA,2,2,NA,NA,NA,NA,100,NA,NA
"831600","40.467","40.467.A.1",40,40,467,"A","1",14,10,0,384,24,26,434,443,14.1999998,NA,2,2,NA,NA,NA,NA,100,NA,NA
"831601","40.467","40.467.A.1",40,40,467,"A","1",15,11,13,390,14.6999998,26,520,542,13.6000004,NA,3,2,NA,30,NA,15,312,1,3
"831752","40.480","40.480.A.4",40,40,480,"A","4",1,1,0,88,9.69999981,26,380,390,14.1999998,NA,3,2,NA,22,NA,7,322,1,4
"831753","40.480","40.480.A.4",40,40,480,"A","4",2,2,0,104,22.7999992,23,540,518,14.6000004,NA,2,2,NA,NA,NA,NA,100,NA,NA
"831754","40.480","40.480.A.4",40,40,480,"A","4",3,3,0,123,20,23,510,520,12.6000004,NA,2,2,NA,NA,NA,NA,100,NA,NA
"831755","40.480","40.480.A.4",40,40,480,"A","4",4,4,0,162,5.0999999,26,485,383,15.6000004,NA,3,2,NA,22,NA,21,322,1,4
"831756","40.480","40.480.A.4",40,40,480,"A","4",5,5,0,186,10,26,350,300,16,NA,3,2,NA,22,NA,17,322,2,4
"831757","40.480","40.480.A.4",40,40,480,"A","4",6,6,0,213,12.3999996,26,345,320,13.3000002,NA,2,2,NA,NA,NA,NA,100,NA,NA
"831758","40.480","40.480.A.4",40,40,480,"A","4",7,7,0,234,14.6000004,26,430,375,15.3999996,NA,3,2,NA,22,NA,13,322,1,4
"831759","40.480","40.480.A.4",40,40,480,"A","4",8,8,0,238,20.7999992,26,475,405,15.3999996,NA,3,2,NA,22,NA,6,322,1,4
"831760","40.480","40.480.A.4",40,40,480,"A","4",9,9,0,273,11.6000004,23,502,482,16,NA,2,2,NA,NA,NA,NA,100,NA,NA
"831761","40.480","40.480.A.4",40,40,480,"A","4",10,10,0,284,0.699999988,26,400,335,15.6999998,12.1999998,3,2,NA,22,NA,6,322,1,4
"831762","40.480","40.480.A.4",40,40,480,"A","4",11,11,0,300,17.1000004,23,538,535,15.5,NA,2,2,NA,NA,NA,NA,100,NA,NA
"831763","40.480","40.480.A.4",40,40,480,"A","4",12,12,0,347,7,26,505,450,16.2000008,NA,3,2,NA,22,NA,21,322,1,4
"831764","40.480","40.480.A.4",40,40,480,"A","4",13,13,0,385,23.1000004,26,450,425,16.3999996,NA,3,2,NA,25,NA,10,322,1,4
"831765","40.480","40.480.A.4",40,40,480,"A","4",14,14,0,391,8.60000038,23,400,395,13.3999996,NA,2,2,NA,NA,NA,NA,100,NA,NA
"831766","40.480","40.480.A.4",40,40,480,"A","4",15,15,0,396,18.2000008,26,455,444,11.6000004,NA,3,2,NA,25,NA,10,322,2,4
"832126","40.515","40.515.A.1",40,40,515,"A","1",1,0,1,NA,NA,NA,NA,NA,NA,NA,NA,NA,NA,NA,NA,NA,NA,NA,NA
"832127","40.515","40.515.A.1",40,40,515,"A","1",2,1,2,3,17.8999996,26,595,540,19.6000004,NA,3,2,NA,22,NA,8,322,1,4
"832128","40.515","40.515.A.1",40,40,515,"A","1",3,2,3,100,3.9000001,26,265,260,12.1999998,5.9000001,2,2,NA,NA,NA,NA,100,NA,NA
"832129","40.515","40.515.A.1",40,40,515,"A","1",4,3,4,109,8.5,26,270,283,11.8000002,NA,2,2,NA,NA,NA,NA,100,NA,NA
"832130","40.515","40.515.A.1",40,40,515,"A","1",5,0,5,NA,NA,NA,NA,NA,NA,NA,NA,NA,NA,NA,NA,NA,NA,NA,NA
"832131","40.515","40.515.A.1",40,40,515,"A","1",6,4,6,151,3.79999995,26,260,263,11.3000002,6.9000001,2,2,NA,NA,NA,NA,100,NA,NA
"832132","40.515","40.515.A.1",40,40,515,"A","1",7,5,7,171,21,23,754,754,16.7999992,NA,2,2,NA,NA,41,NA,100,NA,NA
"832133","40.515","40.515.A.1",40,40,515,"A","1",8,6,8,225,12,26,253,270,13.3999996,NA,3,2,NA,22,NA,8,322,1,4
"832134","40.515","40.515.A.1",40,40,515,"A","1",9,0,9,NA,NA,NA,NA,NA,NA,NA,NA,NA,NA,NA,NA,NA,NA,NA,NA
"832135","40.515","40.515.A.1",40,40,515,"A","1",10,7,10,250,18.6000004,26,534,465,18.1000004,NA,3,2,NA,22,NA,8,322,1,4
"832136","40.515","40.515.A.1",40,40,515,"A","1",11,8,11,250,4.0999999,26,325,327,12.3999996,7,3,2,NA,22,NA,8,322,1,4
"832137","40.515","40.515.A.1",40,40,515,"A","1",12,9,12,274,13.5,26,305,300,13.6000004,NA,2,2,NA,NA,NA,NA,100,NA,NA
"832138","40.515","40.515.A.1",40,40,515,"A","1",13,10,0,316,17.6000004,23,437,428,15.6999998,NA,2,2,NA,NA,NA,NA,100,NA,NA
"832139","40.515","40.515.A.1",40,40,515,"A","1",14,11,0,360,14.6999998,26,290,283,13.8999996,NA,2,2,NA,NA,NA,NA,100,NA,NA
"832140","40.515","40.515.A.1",40,40,515,"A","1",15,12,13,370,4.69999981,23,628,630,18.6000004,6,2,2,NA,NA,NA,NA,100,NA,NA
"832141","40.515","40.515.A.1",40,40,515,"A","1",16,0,14,NA,NA,NA,NA,NA,NA,NA,NA,NA,NA,NA,NA,NA,NA,NA,NA
"832653","40.561","40.561.A.1",40,40,561,"A","1",1,1,1,2,13.8000002,26,273,294,12.1999998,NA,2,5,NA,NA,NA,NA,100,NA,NA
"832654","40.561","40.561.A.1",40,40,561,"A","1",2,2,2,11,10.6000004,26,490,462,17.5,NA,2,2,NA,NA,NA,NA,100,NA,NA
"832655","40.561","40.561.A.1",40,40,561,"A","1",3,3,3,59,2.5999999,26,187,185,6.30000019,1.89999998,2,5,NA,NA,NA,NA,100,NA,NA
"832656","40.561","40.561.A.1",40,40,561,"A","1",4,4,0,71,4.69999981,26,123,124,7.80000019,2.79999995,2,3,NA,30,NA,15,100,NA,NA
"832657","40.561","40.561.A.1",40,40,561,"A","1",5,5,4,87,9.69999981,26,184,175,7.5999999,NA,2,3,NA,NA,NA,NA,100,NA,NA
"832658","40.561","40.561.A.1",40,40,561,"A","1",6,6,0,88,8.80000019,26,132,135,7.4000001,NA,2,5,NA,NA,NA,NA,100,NA,NA
"832659","40.561","40.561.A.1",40,40,561,"A","1",7,7,5,98,9.30000019,26,250,244,10.3999996,NA,2,2,NA,NA,NA,NA,100,NA,NA
"832660","40.561","40.561.A.1",40,40,561,"A","1",8,8,0,102,7,26,216,197,10.6000004,NA,3,5,NA,NA,NA,NA,100,NA,NA
"832661","40.561","40.561.A.1",40,40,561,"A","1",9,9,0,106,8.30000019,26,148,130,5.5,NA,3,5,NA,NA,NA,NA,100,NA,NA
"832662","40.561","40.561.A.1",40,40,561,"A","1",10,10,6,162,12,26,513,526,15.8999996,NA,3,2,NA,30,NA,20,312,2,3
"832663","40.561","40.561.A.1",40,40,561,"A","1",11,11,7,187,11.6999998,26,247,275,11.1999998,NA,4,2,NA,NA,NA,NA,411,2,9
"832664","40.561","40.561.A.1",40,40,561,"A","1",12,12,8,195,5.4000001,23,209,212,6.5,NA,2,3,NA,NA,NA,NA,100,NA,NA
"832665","40.561","40.561.A.1",40,40,561,"A","1",13,13,9,248,11.8000002,23,357,352,12.3999996,NA,2,2,NA,NA,41,NA,100,NA,NA
"832666","40.561","40.561.A.1",40,40,561,"A","1",14,14,10,249,9.69999981,26,278,283,13.1999998,NA,2,2,NA,NA,NA,NA,100,NA,NA
"832667","40.561","40.561.A.1",40,40,561,"A","1",15,15,0,251,14.3999996,26,249,250,10,NA,2,2,NA,NA,NA,NA,100,NA,NA
"832668","40.561","40.561.A.1",40,40,561,"A","1",16,16,0,305,5.69999981,26,148,147,5.19999981,NA,2,3,NA,NA,NA,NA,100,NA,NA
"832669","40.561","40.561.A.1",40,40,561,"A","1",17,17,11,306,21,26,596,618,22.6000004,NA,3,2,NA,NA,NA,NA,312,2,3
"832670","40.561","40.561.A.1",40,40,561,"A","1",18,18,12,315,11.6999998,26,371,371,13.1999998,NA,2,2,NA,NA,NA,NA,100,NA,NA
"832671","40.561","40.561.A.1",40,40,561,"A","1",19,19,0,338,11.6000004,23,242,233,9.69999981,NA,2,3,NA,NA,NA,NA,100,NA,NA
"832672","40.561","40.561.A.1",40,40,561,"A","1",20,20,13,358,4.5,26,241,243,10.3000002,3.29999995,2,2,NA,NA,NA,NA,100,NA,NA
"832673","40.561","40.561.A.1",40,40,561,"A","1",21,21,14,373,13,23,528,506,13.3999996,NA,2,2,NA,NA,NA,NA,100,NA,NA
"832674","40.561","40.561.A.1",40,40,561,"A","1",22,22,15,385,9.30000019,23,222,213,10.6999998,NA,2,2,NA,NA,NA,NA,100,NA,NA
"832675","40.561","40.561.A.1",40,40,561,"A","1",23,23,0,399,11.6999998,23,287,288,13.8999996,NA,2,2,NA,NA,NA,NA,100,NA,NA
"833472","40.655","40.655.A.1",40,40,655,"A","1",1,1,1,9,10.1000004,23,460,437,16.1000004,NA,2,2,NA,30,NA,20,100,NA,NA
"833473","40.655","40.655.A.1",40,40,655,"A","1",2,888,2,26,13.3999996,26,378,392,14,NA,6,2,NA,NA,NA,NA,200,3,9
"833474","40.655","40.655.A.1",40,40,655,"A","1",3,888,888,NA,NA,NA,NA,NA,NA,NA,NA,NA,NA,NA,NA,NA,NA,NA,NA
"833475","40.655","40.655.A.1",40,40,655,"A","1",4,0,3,NA,NA,NA,NA,NA,NA,NA,NA,NA,NA,NA,NA,NA,NA,NA,NA
"833476","40.655","40.655.A.1",40,40,655,"A","1",5,2,4,109,6.4000001,23,340,333,13.8000002,NA,2,2,NA,NA,45,NA,100,NA,NA
"833477","40.655","40.655.A.1",40,40,655,"A","1",6,3,5,113,6.19999981,23,376,382,14.3000002,NA,2,2,NA,NA,45,NA,100,NA,NA
"833478","40.655","40.655.A.1",40,40,655,"A","1",7,0,6,NA,NA,NA,NA,NA,NA,NA,NA,NA,NA,NA,NA,NA,NA,NA,NA
"833479","40.655","40.655.A.1",40,40,655,"A","1",8,0,7,NA,NA,NA,NA,NA,NA,NA,NA,NA,NA,NA,NA,NA,NA,NA,NA
"833480","40.655","40.655.A.1",40,40,655,"A","1",9,4,8,134,9.89999962,26,362,361,14.1000004,NA,3,2,NA,NA,NA,NA,312,1,3
"833481","40.655","40.655.A.1",40,40,655,"A","1",10,5,9,136,2.5,26,183,192,8.80000019,NA,5,2,NA,NA,NA,NA,321,3,7
"833482","40.655","40.655.A.1",40,40,655,"A","1",11,6,10,160,8.69999981,26,379,392,13.3000002,NA,2,2,NA,NA,NA,NA,100,NA,NA
"833483","40.655","40.655.A.1",40,40,655,"A","1",12,7,11,184,11.3999996,26,397,398,11.8999996,NA,3,2,NA,NA,NA,NA,312,1,3
"833484","40.655","40.655.A.1",40,40,655,"A","1",13,888,888,NA,NA,NA,NA,NA,NA,NA,NA,NA,NA,NA,NA,NA,NA,NA,NA
"833485","40.655","40.655.A.1",40,40,655,"A","1",14,0,12,NA,NA,NA,NA,NA,NA,NA,NA,NA,NA,NA,NA,NA,NA,NA,NA
"833486","40.655","40.655.A.1",40,40,655,"A","1",15,8,13,212,5.0999999,23,255,262,12.6000004,NA,2,2,NA,NA,NA,NA,100,NA,NA
"833487","40.655","40.655.A.1",40,40,655,"A","1",16,9,14,222,9.60000038,26,334,338,11.1000004,NA,4,2,NA,NA,NA,NA,321,3,7
"833488","40.655","40.655.A.1",40,40,655,"A","1",17,0,15,NA,NA,NA,NA,NA,NA,NA,NA,NA,NA,NA,NA,NA,NA,NA,NA
"833489","40.655","40.655.A.1",40,40,655,"A","1",18,10,16,238,5.4000001,26,288,288,13.8999996,NA,2,2,NA,NA,NA,NA,100,NA,NA
"833490","40.655","40.655.A.1",40,40,655,"A","1",19,11,17,239,11,26,354,351,12.5,NA,3,2,NA,NA,NA,NA,312,1,3
"833491","40.655","40.655.A.1",40,40,655,"A","1",20,0,18,NA,NA,NA,NA,NA,NA,NA,NA,NA,NA,NA,NA,NA,NA,NA,NA
"833492","40.655","40.655.A.1",40,40,655,"A","1",21,0,19,NA,NA,NA,NA,NA,NA,NA,NA,NA,NA,NA,NA,NA,NA,NA,NA
"833493","40.655","40.655.A.1",40,40,655,"A","1",22,0,20,NA,NA,NA,NA,NA,NA,NA,NA,NA,NA,NA,NA,NA,NA,NA,NA
"833494","40.655","40.655.A.1",40,40,655,"A","1",23,12,21,258,2.29999995,26,327,312,14.8000002,NA,3,2,NA,NA,NA,NA,312,1,3
"833495","40.655","40.655.A.1",40,40,655,"A","1",24,13,22,274,6.4000001,23,243,233,11.3999996,NA,2,2,NA,NA,NA,NA,100,NA,NA
"833496","40.655","40.655.A.1",40,40,655,"A","1",25,14,0,312,11.3999996,26,378,370,10.1000004,NA,3,2,NA,NA,NA,NA,316,1,9
"833497","40.655","40.655.A.1",40,40,655,"A","1",26,15,23,315,3.70000005,23,193,207,11.6000004,NA,2,2,NA,NA,NA,NA,100,NA,NA
"833498","40.655","40.655.A.1",40,40,655,"A","1",27,0,24,NA,NA,NA,NA,NA,NA,NA,NA,NA,NA,NA,NA,NA,NA,NA,NA
"833499","40.655","40.655.A.1",40,40,655,"A","1",28,16,25,321,11.1000004,23,400,434,13.8000002,NA,2,2,NA,NA,NA,NA,100,NA,NA
"833500","40.655","40.655.A.1",40,40,655,"A","1",29,0,26,NA,NA,NA,NA,NA,NA,NA,NA,NA,NA,NA,NA,NA,NA,NA,NA
"833501","40.655","40.655.A.1",40,40,655,"A","1",30,17,27,337,10.8000002,26,296,290,15.3000002,NA,2,2,NA,NA,NA,NA,100,NA,NA
"833502","40.655","40.655.A.1",40,40,655,"A","1",31,18,28,352,13.5,26,339,345,13.6999998,NA,2,2,NA,30,NA,25,100,NA,NA
"833503","40.655","40.655.A.1",40,40,655,"A","1",32,19,29,364,4,23,234,231,11.3000002,NA,2,2,NA,NA,NA,NA,100,NA,NA
"833504","40.655","40.655.A.1",40,40,655,"A","1",33,0,30,NA,NA,NA,NA,NA,NA,NA,NA,NA,NA,NA,NA,NA,NA,NA,NA
"839075","40.1151","40.1151.A.1",40,40,1151,"A","1",1,1,1,1,5.30000019,26,274,275,11.3000002,NA,2,2,NA,30,NA,10,100,NA,NA
"839076","40.1151","40.1151.A.1",40,40,1151,"A","1",2,2,0,27,14.6999998,23,239,252,7.9000001,NA,2,2,NA,NA,NA,NA,100,NA,NA
"839077","40.1151","40.1151.A.1",40,40,1151,"A","1",3,0,2,NA,NA,NA,NA,NA,NA,NA,NA,NA,NA,NA,NA,NA,NA,NA,NA
"839078","40.1151","40.1151.A.1",40,40,1151,"A","1",4,3,3,51,4.5,23,445,422,14.1999998,9.5,2,2,NA,NA,NA,NA,100,NA,NA
"839079","40.1151","40.1151.A.1",40,40,1151,"A","1",5,0,4,NA,NA,NA,NA,NA,NA,NA,NA,NA,NA,NA,NA,NA,NA,NA,NA
"839080","40.1151","40.1151.A.1",40,40,1151,"A","1",6,4,5,114,22.7999992,23,509,507,12.8999996,NA,2,2,NA,NA,41,NA,100,NA,NA
"839081","40.1151","40.1151.A.1",40,40,1151,"A","1",7,5,6,162,7.30000019,23,292,281,8.89999962,NA,2,2,NA,NA,NA,NA,100,NA,NA
"839082","40.1151","40.1151.A.1",40,40,1151,"A","1",8,6,7,172,23.6000004,23,524,519,12.8999996,NA,2,2,NA,NA,41,NA,100,NA,NA
"839083","40.1151","40.1151.A.1",40,40,1151,"A","1",9,0,8,NA,NA,NA,NA,NA,NA,NA,NA,NA,NA,NA,NA,NA,NA,NA,NA
"839084","40.1151","40.1151.A.1",40,40,1151,"A","1",10,7,9,212,13.5,23,490,550,16.7999992,NA,2,2,NA,30,NA,15,100,NA,NA
"839085","40.1151","40.1151.A.1",40,40,1151,"A","1",11,8,10,227,17.7999992,26,467,508,11.8999996,NA,3,2,NA,26,NA,5,322,1,4
"839086","40.1151","40.1151.A.1",40,40,1151,"A","1",12,9,11,238,6,26,451,462,14.3999996,NA,3,2,NA,NA,NA,NA,312,1,3
"839087","40.1151","40.1151.A.1",40,40,1151,"A","1",13,10,12,241,24,26,496,476,14.3000002,NA,2,2,NA,30,NA,15,100,NA,NA
"839088","40.1151","40.1151.A.1",40,40,1151,"A","1",14,0,13,NA,NA,NA,NA,NA,NA,NA,NA,NA,NA,NA,NA,NA,NA,NA,NA
"839089","40.1151","40.1151.A.1",40,40,1151,"A","1",15,0,14,NA,NA,NA,NA,NA,NA,NA,NA,NA,NA,NA,NA,NA,NA,NA,NA
"839090","40.1151","40.1151.A.1",40,40,1151,"A","1",16,11,0,303,24.7999992,23,468,454,13.6999998,NA,2,2,NA,NA,41,NA,100,NA,NA
"839091","40.1151","40.1151.A.1",40,40,1151,"A","1",17,12,15,330,6,23,443,454,12.5,NA,2,2,NA,NA,NA,NA,100,NA,NA
"839092","40.1151","40.1151.A.1",40,40,1151,"A","1",18,13,16,364,20.3999996,23,466,464,12.5,NA,2,2,NA,NA,41,NA,100,NA,NA
"839809","40.1228","40.1228.A.1",40,40,1228,"A","1",1,1,1,38,9.5,23,191,196,8.89999962,NA,3,3,NA,NA,NA,NA,316,1,9
"839810","40.1228","40.1228.A.1",40,40,1228,"A","1",2,2,2,43,13.6999998,26,384,389,14.1000004,NA,3,2,NA,NA,NA,NA,312,2,3
"839811","40.1228","40.1228.A.1",40,40,1228,"A","1",3,3,3,50,6.69999981,26,355,384,13,NA,3,2,NA,27,NA,12,322,2,4
"839812","40.1228","40.1228.A.1",40,40,1228,"A","1",4,4,4,73,11.3000002,26,329,326,12.1999998,NA,3,2,NA,NA,NA,NA,312,1,3
"839813","40.1228","40.1228.A.1",40,40,1228,"A","1",5,5,5,87,14.6999998,26,342,345,10.3000002,NA,2,2,NA,NA,NA,NA,100,NA,NA
"839814","40.1228","40.1228.A.1",40,40,1228,"A","1",6,6,6,112,8,23,324,309,8.80000019,NA,2,2,NA,NA,NA,NA,100,NA,NA
"839815","40.1228","40.1228.A.1",40,40,1228,"A","1",7,7,7,157,5.30000019,23,375,358,10,NA,2,2,NA,NA,NA,NA,100,NA,NA
"839816","40.1228","40.1228.A.1",40,40,1228,"A","1",8,0,8,NA,NA,NA,NA,NA,NA,NA,NA,NA,NA,NA,NA,NA,NA,NA,NA
"839817","40.1228","40.1228.A.1",40,40,1228,"A","1",9,8,9,237,9.60000038,23,296,277,9.80000019,NA,2,2,NA,NA,41,NA,100,NA,NA
"839818","40.1228","40.1228.A.1",40,40,1228,"A","1",10,9,10,278,8.10000038,23,289,289,10.1000004,NA,2,2,NA,NA,NA,NA,100,NA,NA
"839819","40.1228","40.1228.A.1",40,40,1228,"A","1",11,10,11,310,6.30000019,23,290,291,10,NA,2,4,NA,NA,NA,NA,100,NA,NA
"839820","40.1228","40.1228.A.1",40,40,1228,"A","1",12,11,0,314,10.6999998,23,254,270,7.19999981,NA,2,3,NA,NA,41,NA,100,NA,NA
"839821","40.1228","40.1228.A.1",40,40,1228,"A","1",13,12,12,361,8.10000038,23,237,237,8.19999981,NA,3,2,NA,NA,NA,NA,311,1,2
"840395","40.1292","40.1292.A.1",40,40,1292,"A","1",1,1,1,7,8.39999962,23,405,424,13,NA,2,2,NA,NA,41,NA,100,NA,NA
"840396","40.1292","40.1292.A.1",40,40,1292,"A","1",2,2,2,17,11.1000004,23,333,319,11.3999996,NA,3,2,NA,NA,NA,NA,316,1,9
"840397","40.1292","40.1292.A.1",40,40,1292,"A","1",3,3,3,26,13,23,390,379,11.5,NA,2,2,NA,NA,NA,NA,100,NA,NA
"840398","40.1292","40.1292.A.1",40,40,1292,"A","1",4,4,4,81,9.19999981,23,372,382,14,NA,2,2,NA,NA,41,NA,100,NA,NA
"840399","40.1292","40.1292.A.1",40,40,1292,"A","1",5,0,5,NA,NA,NA,NA,NA,NA,NA,NA,NA,NA,NA,NA,NA,NA,NA,NA
"840400","40.1292","40.1292.A.1",40,40,1292,"A","1",6,888,6,122,10.3999996,26,280,274,9.5,NA,6,2,NA,NA,NA,NA,200,3,9
"840401","40.1292","40.1292.A.1",40,40,1292,"A","1",7,5,7,123,21.1000004,23,629,623,17.7999992,NA,2,2,NA,NA,NA,NA,100,NA,NA
"840402","40.1292","40.1292.A.1",40,40,1292,"A","1",8,6,8,139,5.30000019,26,210,204,11,NA,3,2,NA,NA,NA,NA,322,2,4
"840403","40.1292","40.1292.A.1",40,40,1292,"A","1",9,7,9,143,7.5999999,45,137,140,7.19999981,NA,2,5,NA,NA,NA,NA,100,NA,NA
"840404","40.1292","40.1292.A.1",40,40,1292,"A","1",10,8,10,156,9.80000019,45,197,185,8.89999962,NA,2,4,NA,NA,NA,NA,100,NA,NA
"840405","40.1292","40.1292.A.1",40,40,1292,"A","1",11,9,11,158,8.80000019,45,140,161,8,NA,2,5,NA,NA,NA,NA,100,NA,NA
"840406","40.1292","40.1292.A.1",40,40,1292,"A","1",12,10,12,161,4.4000001,26,382,361,12.8999996,NA,4,2,NA,NA,NA,NA,311,1,2
"840407","40.1292","40.1292.A.1",40,40,1292,"A","1",13,888,888,NA,NA,NA,NA,NA,NA,NA,NA,NA,NA,NA,NA,NA,NA,NA,NA
"840408","40.1292","40.1292.A.1",40,40,1292,"A","1",14,888,888,NA,NA,NA,NA,NA,NA,NA,NA,NA,NA,NA,NA,NA,NA,NA,NA
"840409","40.1292","40.1292.A.1",40,40,1292,"A","1",15,0,13,NA,NA,NA,NA,NA,NA,NA,NA,NA,NA,NA,NA,NA,NA,NA,NA
"840410","40.1292","40.1292.A.1",40,40,1292,"A","1",16,0,14,NA,NA,NA,NA,NA,NA,NA,NA,NA,NA,NA,NA,NA,NA,NA,NA
"840411","40.1292","40.1292.A.1",40,40,1292,"A","1",17,11,15,282,9.60000038,23,415,398,13.6999998,NA,2,2,NA,NA,NA,NA,100,NA,NA
"840412","40.1292","40.1292.A.1",40,40,1292,"A","1",18,0,16,NA,NA,NA,NA,NA,NA,NA,NA,NA,NA,NA,NA,NA,NA,NA,NA
"840413","40.1292","40.1292.A.1",40,40,1292,"A","1",19,0,17,NA,NA,NA,NA,NA,NA,NA,NA,NA,NA,NA,NA,NA,NA,NA,NA
"840414","40.1292","40.1292.A.1",40,40,1292,"A","1",20,0,18,NA,NA,NA,NA,NA,NA,NA,NA,NA,NA,NA,NA,NA,NA,NA,NA
"840415","40.1292","40.1292.A.1",40,40,1292,"A","1",21,0,19,NA,NA,NA,NA,NA,NA,NA,NA,NA,NA,NA,NA,NA,NA,NA,NA
"840416","40.1292","40.1292.A.1",40,40,1292,"A","1",22,888,20,306,11.1000004,26,286,264,11.3999996,NA,6,2,NA,NA,NA,NA,200,3,9
"840417","40.1292","40.1292.A.1",40,40,1292,"A","1",23,0,21,NA,NA,NA,NA,NA,NA,NA,NA,NA,NA,NA,NA,NA,NA,NA,NA
"840418","40.1292","40.1292.A.1",40,40,1292,"A","1",24,12,22,337,13.1999998,23,342,342,10.1999998,NA,2,4,NA,NA,NA,NA,100,NA,NA
"840419","40.1292","40.1292.A.1",40,40,1292,"A","1",25,0,23,NA,NA,NA,NA,NA,NA,NA,NA,NA,NA,NA,NA,NA,NA,NA,NA
"840420","40.1292","40.1292.A.1",40,40,1292,"A","1",26,0,24,NA,NA,NA,NA,NA,NA,NA,NA,NA,NA,NA,NA,NA,NA,NA,NA
"840421","40.1292","40.1292.A.1",40,40,1292,"A","1",27,0,25,NA,NA,NA,NA,NA,NA,NA,NA,NA,NA,NA,NA,NA,NA,NA,NA
"840422","40.1292","40.1292.A.1",40,40,1292,"A","1",28,0,26,NA,NA,NA,NA,NA,NA,NA,NA,NA,NA,NA,NA,NA,NA,NA,NA
"842273","40.1441","40.1441.A.1",40,40,1441,"A","1",1,1,1,18,15.1999998,23,542,535,15,NA,2,2,NA,NA,NA,NA,100,NA,NA
"842274","40.1441","40.1441.A.1",40,40,1441,"A","1",2,2,2,43,20.7999992,23,457,508,12.3999996,NA,2,4,NA,NA,NA,NA,100,NA,NA
"842275","40.1441","40.1441.A.1",40,40,1441,"A","1",3,3,0,96,12.1999998,26,275,273,10.8999996,NA,2,2,NA,NA,NA,NA,100,NA,NA
"842276","40.1441","40.1441.A.1",40,40,1441,"A","1",4,4,3,115,23.5,23,502,482,11.6999998,NA,2,4,NA,NA,NA,NA,100,NA,NA
"842277","40.1441","40.1441.A.1",40,40,1441,"A","1",5,5,4,136,11.6000004,26,559,523,12.6000004,NA,3,2,NA,25,NA,8,322,1,4
"842278","40.1441","40.1441.A.1",40,40,1441,"A","1",6,6,0,232,24.7000008,23,434,444,10.8000002,NA,2,4,NA,NA,41,NA,100,NA,NA
"842279","40.1441","40.1441.A.1",40,40,1441,"A","1",7,7,5,246,18.2999992,23,507,562,11.8999996,NA,2,4,NA,NA,NA,NA,100,NA,NA
"842280","40.1441","40.1441.A.1",40,40,1441,"A","1",8,8,6,246,4.30000019,26,430,422,13.1000004,7.0999999,2,2,NA,NA,NA,NA,100,NA,NA
"842281","40.1441","40.1441.A.1",40,40,1441,"A","1",9,888,7,277,5.0999999,26,300,303,14,NA,6,2,NA,NA,NA,NA,200,3,9
"842282","40.1441","40.1441.A.1",40,40,1441,"A","1",10,9,8,294,23.2000008,23,507,493,13.6999998,NA,2,4,NA,NA,NA,NA,100,NA,NA
"842283","40.1441","40.1441.A.1",40,40,1441,"A","1",11,10,9,304,18.2000008,23,525,529,15.5,NA,2,2,NA,NA,NA,NA,100,NA,NA
"842284","40.1441","40.1441.A.1",40,40,1441,"A","1",12,11,10,320,7.4000001,23,508,509,15.6999998,7.19999981,2,2,NA,NA,NA,NA,100,NA,NA
"842285","40.1441","40.1441.A.1",40,40,1441,"A","1",13,12,11,343,11,23,415,385,14.1999998,NA,2,2,NA,NA,NA,NA,100,NA,NA
"842286","40.1441","40.1441.A.1",40,40,1441,"A","1",14,13,0,372,19.1000004,26,441,428,14.6000004,NA,3,2,NA,21,NA,8,312,2,9
"842662","40.1536","40.1536.A.1",40,40,1536,"A","1",1,1,1,6,7.4000001,23,302,309,10.6999998,NA,2,2,NA,NA,NA,NA,100,NA,NA
"842663","40.1536","40.1536.A.1",40,40,1536,"A","1",2,2,0,7,21.2000008,23,474,509,14.1999998,NA,2,2,NA,NA,41,NA,100,NA,NA
"842664","40.1536","40.1536.A.1",40,40,1536,"A","1",3,0,2,NA,NA,NA,NA,NA,NA,NA,NA,NA,NA,NA,NA,NA,NA,NA,NA
"842665","40.1536","40.1536.A.1",40,40,1536,"A","1",4,3,3,45,9.89999962,26,393,419,12.1000004,NA,2,2,NA,NA,NA,NA,100,NA,NA
"842666","40.1536","40.1536.A.1",40,40,1536,"A","1",5,4,4,85,3.4000001,26,265,263,9.10000038,2.70000005,3,2,NA,NA,NA,NA,300,1,9
"842667","40.1536","40.1536.A.1",40,40,1536,"A","1",6,0,5,NA,NA,NA,NA,NA,NA,NA,NA,NA,NA,NA,NA,NA,NA,NA,NA
"842668","40.1536","40.1536.A.1",40,40,1536,"A","1",7,5,6,163,4.9000001,23,530,523,14.8999996,8.39999962,3,2,NA,NA,NA,NA,410,1,3
"842669","40.1536","40.1536.A.1",40,40,1536,"A","1",8,6,7,178,21,23,496,532,18.6000004,NA,2,2,NA,NA,41,NA,100,NA,NA
"842670","40.1536","40.1536.A.1",40,40,1536,"A","1",9,0,8,NA,NA,NA,NA,NA,NA,NA,NA,NA,NA,NA,NA,NA,NA,NA,NA
"842671","40.1536","40.1536.A.1",40,40,1536,"A","1",10,0,9,NA,NA,NA,NA,NA,NA,NA,NA,NA,NA,NA,NA,NA,NA,NA,NA
"842672","40.1536","40.1536.A.1",40,40,1536,"A","1",11,888,888,NA,NA,NA,NA,NA,NA,NA,NA,NA,NA,NA,NA,NA,NA,NA,NA
"842673","40.1536","40.1536.A.1",40,40,1536,"A","1",12,888,888,NA,NA,NA,NA,NA,NA,NA,NA,NA,NA,NA,NA,NA,NA,NA,NA
"842674","40.1536","40.1536.A.1",40,40,1536,"A","1",13,7,0,254,15.6000004,23,474,476,14.1000004,NA,3,2,NA,NA,41,NA,410,1,3
"842675","40.1536","40.1536.A.1",40,40,1536,"A","1",14,0,10,NA,NA,NA,NA,NA,NA,NA,NA,NA,NA,NA,NA,NA,NA,NA,NA
"842676","40.1536","40.1536.A.1",40,40,1536,"A","1",15,8,11,332,22.7000008,23,547,581,13.8000002,NA,3,2,NA,NA,41,NA,410,1,3
"842677","40.1536","40.1536.A.1",40,40,1536,"A","1",16,9,0,365,3.0999999,26,116,111,4.0999999,1.70000005,2,3,NA,NA,NA,NA,100,NA,NA
"842684","40.1543","40.1543.A.1",40,40,1543,"A","1",1,888,1,1,12.5,26,293,285,10,NA,6,2,NA,NA,NA,NA,200,3,9
"842685","40.1543","40.1543.A.1",40,40,1543,"A","1",2,888,2,45,12.3999996,26,346,334,10,NA,6,2,NA,NA,41,NA,200,3,9
"842686","40.1543","40.1543.A.1",40,40,1543,"A","1",3,1,3,83,13.1999998,23,476,476,13.3999996,NA,3,2,NA,NA,NA,NA,410,1,3
"842687","40.1543","40.1543.A.1",40,40,1543,"A","1",4,2,4,105,12.6000004,23,553,545,12.5,NA,3,2,NA,NA,NA,NA,410,1,3
"842688","40.1543","40.1543.A.1",40,40,1543,"A","1",5,888,5,134,11.3999996,26,272,259,10,NA,6,2,NA,NA,NA,NA,200,3,9
"842689","40.1543","40.1543.A.1",40,40,1543,"A","1",6,3,6,135,9.80000019,26,220,223,4.30000019,NA,5,2,NA,NA,NA,NA,410,3,9
"842690","40.1543","40.1543.A.1",40,40,1543,"A","1",7,0,7,NA,NA,NA,NA,NA,NA,NA,NA,NA,NA,NA,NA,NA,NA,NA,NA
"842691","40.1543","40.1543.A.1",40,40,1543,"A","1",8,0,8,NA,NA,NA,NA,NA,NA,NA,NA,NA,NA,NA,NA,NA,NA,NA,NA
"842692","40.1543","40.1543.A.1",40,40,1543,"A","1",9,0,9,NA,NA,NA,NA,NA,NA,NA,NA,NA,NA,NA,NA,NA,NA,NA,NA
"842693","40.1543","40.1543.A.1",40,40,1543,"A","1",10,4,10,187,12.8000002,26,307,305,10.3999996,NA,3,2,NA,NA,NA,NA,311,1,9
"842694","40.1543","40.1543.A.1",40,40,1543,"A","1",11,5,11,204,13.8000002,26,365,363,10.8000002,NA,4,2,NA,NA,NA,NA,311,2,9
"842695","40.1543","40.1543.A.1",40,40,1543,"A","1",12,6,12,266,19,23,566,566,14.8999996,NA,3,4,NA,NA,41,NA,311,1,9
"842696","40.1543","40.1543.A.1",40,40,1543,"A","1",13,7,0,266,16.1000004,23,475,472,12.1000004,NA,4,4,NA,NA,41,NA,311,1,9
"842697","40.1543","40.1543.A.1",40,40,1543,"A","1",14,8,13,271,1.79999995,23,543,541,12.5,NA,3,2,NA,NA,41,NA,410,1,3
"842698","40.1543","40.1543.A.1",40,40,1543,"A","1",15,9,14,290,5.30000019,26,342,330,11.3000002,NA,3,2,NA,NA,NA,NA,311,1,9
"842699","40.1543","40.1543.A.1",40,40,1543,"A","1",16,10,15,291,13.3999996,26,359,335,11.6999998,NA,3,2,NA,NA,NA,NA,311,1,9
"842700","40.1543","40.1543.A.1",40,40,1543,"A","1",17,11,16,314,13.3999996,26,276,273,10.8000002,NA,3,2,NA,NA,NA,NA,311,1,9
"842701","40.1543","40.1543.A.1",40,40,1543,"A","1",18,12,17,324,7.30000019,26,327,330,12.1000004,NA,5,2,NA,NA,NA,NA,311,3,9
"842702","40.1543","40.1543.A.1",40,40,1543,"A","1",19,13,18,340,6.5999999,26,317,301,14.6000004,NA,3,2,NA,NA,NA,NA,311,1,9
"842703","40.1543","40.1543.A.1",40,40,1543,"A","1",20,14,0,360,21.1000004,23,450,450,10.1999998,NA,3,2,NA,NA,NA,NA,311,1,9
"842704","40.1543","40.1543.A.1",40,40,1543,"A","1",21,15,19,385,11,26,365,360,13.1000004,NA,4,2,NA,NA,41,NA,311,2,9
"848271","40.3000","40.3000.N.N",40,40,3000,"N","N",1,1,0,73,7.5999999,23,579,570,15.6999998,NA,2,2,NA,NA,NA,NA,100,NA,NA
"848272","40.3000","40.3000.N.N",40,40,3000,"N","N",2,2,0,96,20.6000004,26,480,432,15.8000002,NA,4,2,NA,27,NA,15,312,3,9
"848273","40.3000","40.3000.N.N",40,40,3000,"N","N",3,3,0,110,24.3999996,26,438,420,16.6000004,NA,3,2,NA,NA,NA,NA,312,1,3
"848274","40.3000","40.3000.N.N",40,40,3000,"N","N",4,4,0,129,6.5999999,26,393,422,16.6000004,NA,2,2,NA,30,NA,20,100,NA,NA
"848275","40.3000","40.3000.N.N",40,40,3000,"N","N",5,5,0,173,7.80000019,23,621,648,14.3999996,NA,2,2,NA,NA,NA,NA,100,NA,NA
"848276","40.3000","40.3000.N.N",40,40,3000,"N","N",6,6,0,178,24.7000008,26,407,457,15.8999996,NA,4,2,NA,27,NA,15,322,2,9
"848277","40.3000","40.3000.N.N",40,40,3000,"N","N",7,7,0,190,1.60000002,23,601,611,17.2000008,8.60000038,2,2,NA,NA,NA,NA,100,NA,NA
"848278","40.3000","40.3000.N.N",40,40,3000,"N","N",8,8,0,200,9.5,23,522,565,9.69999981,NA,3,2,NA,NA,41,NA,316,1,8
"848279","40.3000","40.3000.N.N",40,40,3000,"N","N",9,9,0,272,11,26,374,345,11.5,NA,3,2,NA,NA,NA,NA,312,1,3
"848280","40.3000","40.3000.N.N",40,40,3000,"N","N",10,10,0,301,12,26,425,432,16.6000004,NA,3,2,NA,NA,NA,NA,312,1,3
"848281","40.3000","40.3000.N.N",40,40,3000,"N","N",11,11,0,306,3.5,26,271,264,12.6999998,10.1999998,3,2,NA,NA,NA,NA,316,1,9
"848282","40.3000","40.3000.N.N",40,40,3000,"N","N",12,12,0,327,6.5,26,229,227,14.6999998,NA,2,2,NA,NA,NA,NA,100,NA,NA
"848283","40.3000","40.3000.N.N",40,40,3000,"N","N",13,13,0,332,14.3999996,26,296,307,16.1000004,NA,2,2,NA,NA,NA,NA,100,NA,NA
"848284","40.3000","40.3000.N.N",40,40,3000,"N","N",14,14,0,351,10.8000002,26,318,330,16.8999996,NA,2,2,NA,NA,NA,NA,100,NA,NA
"848285","40.3000","40.3000.N.N",40,40,3000,"N","N",15,15,0,353,21.2000008,26,487,514,17.3999996,NA,2,2,NA,NA,NA,NA,100,NA,NA
"848286","40.3000","40.3000.N.N",40,40,3000,"N","N",16,16,0,372,9.10000038,26,366,370,16.7999992,NA,2,2,NA,NA,NA,NA,100,NA,NA
"848287","40.3000","40.3000.N.N",40,40,3000,"N","N",17,17,0,372,1.5,26,338,339,15.6000004,13.3999996,2,2,NA,NA,NA,NA,100,NA,NA
"848288","40.3000","40.3000.N.N",40,40,3000,"N","N",18,18,0,382,5.69999981,26,229,244,15.6999998,NA,3,2,NA,NA,NA,NA,316,1,9
"848310","40.3004","40.3004.N.N",40,40,3004,"N","N",1,1,0,23,3.5999999,26,490,571,11.5,5.9000001,3,2,NA,28,NA,10,322,1,4
"848311","40.3004","40.3004.N.N",40,40,3004,"N","N",2,2,0,109,2,23,150,146,5.80000019,1.5,3,3,NA,NA,NA,NA,316,1,9
"848312","40.3004","40.3004.N.N",40,40,3004,"N","N",3,3,0,127,14.3000002,23,245,239,6.9000001,NA,2,2,NA,NA,NA,NA,100,NA,NA
"848313","40.3004","40.3004.N.N",40,40,3004,"N","N",4,4,0,140,17.7999992,26,500,416,13.8999996,NA,3,2,NA,26,NA,3,322,1,4
"848314","40.3004","40.3004.N.N",40,40,3004,"N","N",5,5,0,169,7.9000001,23,187,183,7.5,NA,2,2,NA,NA,NA,NA,100,NA,NA
"848315","40.3004","40.3004.N.N",40,40,3004,"N","N",6,6,0,176,8.80000019,23,145,140,5.5,NA,3,3,NA,NA,NA,NA,316,1,9
"848316","40.3004","40.3004.N.N",40,40,3004,"N","N",7,7,0,230,5.5999999,26,525,520,17.2999992,NA,3,2,NA,26,NA,4,322,1,4
"848317","40.3004","40.3004.N.N",40,40,3004,"N","N",8,8,0,238,18.8999996,26,425,450,16.6000004,NA,3,2,NA,22,NA,4,322,1,9
"848318","40.3004","40.3004.N.N",40,40,3004,"N","N",9,9,0,266,13.3000002,26,524,483,18.8999996,NA,3,2,NA,28,NA,9,322,1,4
"848319","40.3004","40.3004.N.N",40,40,3004,"N","N",10,10,0,298,24.5,26,500,458,17.2999992,NA,3,2,NA,28,NA,9,322,1,4
"848320","40.3004","40.3004.N.N",40,40,3004,"N","N",11,11,0,328,24.6000004,26,428,478,19.3999996,NA,3,2,NA,26,NA,4,322,1,4
"848321","40.3004","40.3004.N.N",40,40,3004,"N","N",12,12,0,376,19.2999992,26,492,512,19.2999992,NA,3,2,NA,28,NA,9,322,1,4
"848322","40.3004","40.3004.N.N",40,40,3004,"N","N",13,13,0,398,24.7999992,26,568,578,17.5,NA,3,2,NA,28,NA,9,322,1,4
"848357","40.3008","40.3008.N.N",40,40,3008,"N","N",1,1,0,29,6.4000001,23,161,162,6.69999981,NA,2,3,NA,NA,NA,NA,100,NA,NA
"848358","40.3008","40.3008.N.N",40,40,3008,"N","N",2,2,0,45,12.3999996,23,400,390,10.6999998,NA,3,2,NA,30,NA,30,310,2,4
"848359","40.3008","40.3008.N.N",40,40,3008,"N","N",3,3,0,62,4.69999981,23,279,275,11.6000004,NA,3,2,NA,NA,NA,NA,312,2,3
"848360","40.3008","40.3008.N.N",40,40,3008,"N","N",4,4,0,91,6,26,242,224,8.39999962,NA,2,2,NA,NA,NA,NA,100,NA,NA
"848361","40.3008","40.3008.N.N",40,40,3008,"N","N",5,5,0,101,9.89999962,23,229,232,10,NA,2,2,NA,NA,NA,NA,100,NA,NA
"848362","40.3008","40.3008.N.N",40,40,3008,"N","N",6,6,0,115,2.4000001,23,92,93,5.69999981,NA,2,3,NA,NA,NA,NA,100,NA,NA
"848363","40.3008","40.3008.N.N",40,40,3008,"N","N",7,7,0,127,4.80000019,26,288,305,10.6000004,NA,2,2,NA,NA,NA,NA,100,NA,NA
"848364","40.3008","40.3008.N.N",40,40,3008,"N","N",8,8,0,142,3.9000001,23,76,82,5.5,NA,3,3,NA,NA,NA,NA,316,1,9
"848365","40.3008","40.3008.N.N",40,40,3008,"N","N",9,9,0,145,10.6000004,23,245,255,9.69999981,NA,2,2,NA,NA,41,NA,100,NA,NA
"848366","40.3008","40.3008.N.N",40,40,3008,"N","N",10,10,0,158,13.5,23,252,264,9.80000019,NA,2,2,NA,NA,NA,NA,100,NA,NA
"848367","40.3008","40.3008.N.N",40,40,3008,"N","N",11,11,0,158,5.4000001,26,299,293,12,NA,3,2,NA,NA,NA,NA,312,1,3
"848368","40.3008","40.3008.N.N",40,40,3008,"N","N",12,12,0,181,6.5,23,130,132,7.4000001,NA,2,3,NA,NA,NA,NA,100,NA,NA
"848369","40.3008","40.3008.N.N",40,40,3008,"N","N",13,13,0,185,2,23,116,109,6.0999999,NA,2,3,NA,NA,NA,NA,100,NA,NA
"848370","40.3008","40.3008.N.N",40,40,3008,"N","N",14,14,0,187,4.4000001,23,109,107,5.9000001,NA,3,3,NA,NA,42,NA,316,1,9
"848371","40.3008","40.3008.N.N",40,40,3008,"N","N",15,15,0,223,8.60000038,26,224,220,9.5,NA,2,2,NA,NA,NA,NA,100,NA,NA
"848372","40.3008","40.3008.N.N",40,40,3008,"N","N",16,16,0,253,8.39999962,23,255,250,8.60000038,NA,2,2,NA,NA,41,NA,100,NA,NA
"848373","40.3008","40.3008.N.N",40,40,3008,"N","N",17,17,0,256,1.5,23,127,127,6,NA,3,3,NA,NA,NA,NA,316,1,9
"848374","40.3008","40.3008.N.N",40,40,3008,"N","N",18,18,0,276,1.79999995,26,322,304,13,NA,3,2,NA,NA,NA,NA,312,2,3
"848375","40.3008","40.3008.N.N",40,40,3008,"N","N",19,19,0,289,6.19999981,26,159,168,7.5,NA,3,5,NA,NA,NA,NA,316,1,9
"848376","40.3008","40.3008.N.N",40,40,3008,"N","N",20,20,0,298,5.9000001,23,144,144,6,NA,2,3,NA,NA,NA,NA,100,NA,NA
"848377","40.3008","40.3008.N.N",40,40,3008,"N","N",21,21,0,301,5.80000019,23,359,351,12,NA,2,2,NA,NA,NA,NA,100,NA,NA
"848378","40.3008","40.3008.N.N",40,40,3008,"N","N",22,22,0,342,13.3999996,23,230,222,8.10000038,NA,2,2,NA,NA,NA,NA,100,NA,NA
"848379","40.3008","40.3008.N.N",40,40,3008,"N","N",23,23,0,364,12.1000004,23,253,252,7.9000001,NA,2,2,NA,NA,NA,NA,100,NA,NA
"848609","40.3033","40.3033.N.N",40,40,3033,"N","N",1,1,0,13,14.1000004,26,331,365,18.2999992,NA,3,2,NA,22,NA,4,322,1,4
"848610","40.3033","40.3033.N.N",40,40,3033,"N","N",2,2,0,26,14.1999998,26,390,361,22.1000004,NA,3,2,NA,22,NA,3,322,1,9
"848611","40.3033","40.3033.N.N",40,40,3033,"N","N",3,3,0,47,13.6000004,26,398,342,18.3999996,NA,3,2,NA,22,NA,4,322,1,4
"848612","40.3033","40.3033.N.N",40,40,3033,"N","N",4,4,0,83,9.10000038,23,420,456,16,NA,2,2,NA,NA,NA,NA,100,NA,NA
"848613","40.3033","40.3033.N.N",40,40,3033,"N","N",5,5,0,92,14.1000004,26,455,458,17.2000008,NA,3,2,NA,NA,NA,NA,312,1,9
"848614","40.3033","40.3033.N.N",40,40,3033,"N","N",6,6,0,98,20.6000004,26,479,445,18.8999996,NA,2,2,NA,NA,NA,NA,100,NA,NA
"848615","40.3033","40.3033.N.N",40,40,3033,"N","N",7,7,0,101,4.4000001,23,334,328,16.2999992,8.39999962,2,2,NA,NA,NA,NA,100,NA,NA
"848616","40.3033","40.3033.N.N",40,40,3033,"N","N",8,8,0,115,6.9000001,26,143,142,9.19999981,NA,5,5,NA,NA,NA,NA,316,3,9
"848617","40.3033","40.3033.N.N",40,40,3033,"N","N",9,9,0,123,21.7000008,26,426,427,17.2000008,NA,3,2,NA,NA,NA,NA,300,1,9
"848618","40.3033","40.3033.N.N",40,40,3033,"N","N",10,10,0,129,12.1000004,23,449,448,17.7999992,NA,2,2,NA,NA,NA,NA,100,NA,NA
"848619","40.3033","40.3033.N.N",40,40,3033,"N","N",11,11,0,136,3.4000001,23,151,139,11,6.0999999,3,5,NA,NA,NA,NA,300,1,9
"848620","40.3033","40.3033.N.N",40,40,3033,"N","N",12,12,0,143,10.5,23,381,365,15.6000004,NA,2,2,NA,NA,NA,NA,100,NA,NA
"848621","40.3033","40.3033.N.N",40,40,3033,"N","N",13,13,0,157,11.8000002,23,425,425,16.5,NA,2,2,NA,NA,NA,NA,100,NA,NA
"848622","40.3033","40.3033.N.N",40,40,3033,"N","N",14,14,0,160,4.0999999,23,179,165,11,6.80000019,2,2,NA,NA,NA,NA,100,NA,NA
"848623","40.3033","40.3033.N.N",40,40,3033,"N","N",15,15,0,170,22.2000008,23,449,438,19.3999996,NA,2,2,NA,NA,NA,NA,100,NA,NA
"848624","40.3033","40.3033.N.N",40,40,3033,"N","N",16,16,0,186,19.2000008,23,451,446,21.5,NA,2,2,NA,NA,NA,NA,100,NA,NA
"848625","40.3033","40.3033.N.N",40,40,3033,"N","N",17,17,0,202,11.8000002,23,483,518,16.7999992,NA,2,2,NA,NA,NA,NA,100,NA,NA
"848626","40.3033","40.3033.N.N",40,40,3033,"N","N",18,18,0,254,15.3999996,23,494,529,19.7000008,NA,2,2,NA,NA,NA,NA,100,NA,NA
"848627","40.3033","40.3033.N.N",40,40,3033,"N","N",19,19,0,262,12,26,370,363,18.3999996,NA,2,2,NA,NA,NA,NA,100,NA,NA
"848628","40.3033","40.3033.N.N",40,40,3033,"N","N",20,20,0,272,6.5,23,484,473,21.3999996,NA,2,2,NA,NA,NA,NA,100,NA,NA
"848629","40.3033","40.3033.N.N",40,40,3033,"N","N",21,21,0,284,18.2999992,23,473,504,17.2000008,NA,2,2,NA,30,NA,10,100,NA,NA
"848630","40.3033","40.3033.N.N",40,40,3033,"N","N",22,22,0,297,11.5,23,451,461,21.1000004,NA,2,2,NA,NA,NA,NA,100,NA,NA
"848631","40.3033","40.3033.N.N",40,40,3033,"N","N",23,23,0,308,10.8999996,23,334,336,19.2000008,NA,2,2,NA,NA,NA,NA,100,NA,NA
"848632","40.3033","40.3033.N.N",40,40,3033,"N","N",24,24,0,320,6.5,23,545,535,20.2000008,NA,2,2,NA,NA,NA,NA,100,NA,NA
"848633","40.3033","40.3033.N.N",40,40,3033,"N","N",25,25,0,328,10.8999996,26,246,245,17.7000008,NA,3,2,NA,NA,NA,NA,300,1,9
"848634","40.3033","40.3033.N.N",40,40,3033,"N","N",26,26,0,337,13.6000004,26,379,385,20.3999996,NA,2,5,NA,NA,NA,NA,100,NA,NA
"848635","40.3033","40.3033.N.N",40,40,3033,"N","N",27,27,0,362,13.3999996,26,346,346,21.8999996,NA,2,2,NA,NA,NA,NA,100,NA,NA
"848636","40.3033","40.3033.N.N",40,40,3033,"N","N",28,28,0,369,6.5,23,456,452,18.6000004,NA,2,2,NA,NA,NA,NA,100,NA,NA
"848637","40.3033","40.3033.N.N",40,40,3033,"N","N",29,29,0,386,24.6000004,23,473,433,18.8999996,NA,2,2,NA,NA,NA,NA,100,NA,NA
"848638","40.3033","40.3033.N.N",40,40,3033,"N","N",30,30,0,389,8.60000038,23,472,475,17.6000004,NA,2,2,NA,NA,NA,NA,100,NA,NA
