"","PlotID","G","N"
"1","24.10.A.1",15.9937075555556,828.313059380486
"2","24.1001.A.1",36.2341902222222,451.434154138878
"3","24.1026.A.1",19.2041166666667,392.582192960009
"4","24.1033.A.1",14.5559611111111,1061.03295394597
"5","24.1037.A.1",24.3744717777778,373.200657667929
"6","24.1048.A.1",28.5847972222222,891.267681314614
"7","24.1058.A.1",34.585531,831.425422712061
"8","24.1064.A.1",23.530175,2652.15797168334
"9","24.1069.A.1",19.6334527777778,880.657351775154
"10","24.1077.A.1",30.94425,2387.32414637843
"11","24.1080.A.1",32.0054311111111,1359.67836271663
"12","24.1087.A.1",25.3194161111111,1308.18289668512
"13","24.1097.A.4",32.1825416666667,590.641677696589
"14","24.1099.A.1",17.0656875555556,103.556816305127
"15","24.1103.A.1",25.8721611111111,1960.93036995268
"16","24.114.A.1",36.7318053333333,856.182858304134
"17","24.1142.A.1",24.1342555555556,417.339628552081
"18","24.1149.A.1",27.765601,577.626340128185
"19","24.115.A.1",10.7551003333333,293.12803741014
"20","24.1150.A.1",28.4671432222222,1151.71590374322
"21","24.1159.A.1",35.4330527777778,870.047022235694
"22","24.1209.A.4",18.8172361111111,756.870173814791
"23","24.1212.A.1",23.7759613333333,467.986268220435
"24","24.1216.A.1",42.9826144444444,782.759377891073
"25","24.1248.A.4",23.1075172222222,186.883270955017
"26","24.1261.A.1",22.645,930.172222959299
"27","24.1262.A.4",29.6387822222222,677.080495678054
"28","24.1271.A.4",18.7017527777778,449.17061717046
"29","24.1272.A.4",22.4023333333333,1043.3490713802
"30","24.1274.A.1",29.3220333333333,962.003211577678
"31","24.1275.A.1",19.5045388888889,449.17061717046
"32","24.1277.A.4",35.52065,1750.70437401085
"33","24.1279.A.1",29.4911227777778,740.318059733234
"34","24.128.A.1",42.8463184444444,1402.8270361771
"35","24.1289.A.1",41.0127972222222,1283.84987427462
"36","24.1290.A.4",29.2123861111111,618.935889801815
"37","24.1292.A.4",20.8302277777778,569.42101861767
"38","24.1323.A.1",37.9957543333333,1099.79602453013
"39","24.1326.A.1",13.3351184444444,192.542113376062
"40","24.1332.A.1",40.7624292222222,196.64477413132
"41","24.1336.A.1",26.7516638888889,785.164385920017
"42","24.1348.A.4",31.5159666666667,778.090832893711
"43","24.1349.A.1",38.1671638888889,1237.87177960363
"44","24.1353.A.1",26.7574111111111,1665.82173769517
"45","24.1354.A.1",11.89675,505.759041380912
"46","24.1357.A.1",43.2885461111111,2965.37489968819
"47","24.136.A.1",46.6906783333333,1403.53439147973
"48","24.137.A.1",20.2839898888889,140.197820981394
"49","24.1370.A.1",29.0512277777778,1301.53375684039
"50","24.1399.A.1",17.2116444444444,282.942121052258
"51","24.1444.A.1",26.1182973333333,317.036646639056
"52","24.1446.A.4",34.6369521111111,655.435423417557
"53","24.1451.A.1",22.7170448888889,715.98503732274
"54","24.1453.A.1",23.2298422222222,794.501475914741
"55","24.147.A.1",49.3149974444444,1013.35720654866
"56","24.1476.A.1",19.1928066666667,866.085832540963
"57","24.1487.A.1",18.9167835555556,140.480763102446
"58","24.1492.A.1",37.717846,2059.11128595781
"59","24.1495.A.1",19.8049235555556,221.543680783918
"60","24.1505.A.1",10.55785,668.45076098596
"61","24.152.A.1",18.2348631111111,201.879203370786
"62","24.1548.A.1",24.4853833333333,1351.04862802453
"63","24.1569.A.1",18.8656808888889,263.984998941757
"64","24.1577.A.1",15.2826138888889,505.759041380912
"65","24.1579.A.1",23.9987833333333,744.279249427966
"66","24.1597.A.1",24.5796307777778,427.525544909962
"67","24.1673.A.1",10.5450777777778,141.471060526129
"68","24.1681.A.1",30.3219325555556,511.559354862483
"69","24.1711.A.4",41.0837593333333,1539.48808064534
"70","24.1734.A.1",10.9343705555556,263.277643639126
"71","24.183.A.1",19.3371762222222,445.209427475729
"72","24.2009.A.1",28.1954622222222,451.434154138878
"73","24.201.A.1",47.0536615555556,1195.9963456879
"74","24.2017.A.1",11.7405,1273.23954473516
"75","24.2023.A.4",27.8183996666667,1587.16382804264
"76","24.2026.A.1",27.1828181111111,1214.24611249577
"77","24.2028.A.4",38.3852926666667,2032.37325551837
"78","24.2029.A.1",25.5231384444444,943.894915830334
"79","24.2035.A.1",10.07968,67.906109052542
"80","24.2037.A.1",21.2458535555556,335.427884507452
"81","24.2046.A.1",11.3778,1209.5775674984
"82","24.208.A.4",13.5072264444444,776.110238046345
"83","24.2084.A.1",10.507896,606.34496541499
"84","24.2095.A.1",40.2123792222222,294.118334833823
"85","24.2098.A.1",15.5879155555556,790.964699401588
"86","24.212.A.4C",21.8092333333333,916.025116906686
"87","24.2138.A.1",13.9894833333333,912.488340393533
"88","24.214.A.1",27.548521,2551.57204764927
"89","24.2140.A.1",21.444665,1442.58040418494
"90","24.2143.A.1",13.86712,45.8366236104659
"91","24.2149.A.1",11.37865,1273.23954473516
"92","24.2165.A.1",36.7230877777778,328.778744662724
"93","24.2173.A.1",13.0259388888889,841.752810130469
"94","24.2196.A.1",20.1417502222222,607.476733899199
"95","24.2207.A.1",21.9311,1368.7325105903
"96","24.221.A.4",22.1430712222222,534.760608788768
"97","24.2228.A.1",15.8654138888889,508.871404712487
"98","24.223.A.1",15.9630583333333,433.042916270481
"99","24.2246.A.1",12.39184,485.245737604623
"100","24.2252.A.1",11.9799611111111,643.693325393888
"101","24.2256.A.1",17.590463,759.558123964788
"102","24.2257.A.1",29.5222287777778,886.457665256725
"103","24.226.A.1",19.8096747777778,326.090794512728
"104","24.2262.A.1",11.755725,661.377207959654
"105","24.2265.A.1",26.595306,611.43792359393
"106","24.2268.A.1",56.2215257777778,920.127777661944
"107","24.2271.A.1",40.9336522222222,968.935293543459
"108","24.2294.A.1",17.2258053333333,453.839162167822
"109","24.2296.A.1",20.1012344444444,198.766840039212
"110","24.2307.A.4",18.1850638888889,1393.48994618237
"111","24.2311.A.4",22.3827785555556,572.816324070297
"112","24.2315.A.1",17.0070166666667,1669.35851420832
"113","24.2342.A.1",23.6649157777778,915.600703725108
"114","24.2343.A.1",12.1642222222222,222.816920328653
"115","24.2350.A.6C",34.8476666666667,796.340599701581
"116","24.239.A.1",19.2464528888889,236.11520001811
"117","24.2448.A.1",49.4227172222222,991.287721106587
"118","24.2457.A.1",35.9668106666667,860.144047998866
"119","24.2460.A.1",15.056162,607.901147080777
"120","24.2471.A.1",14.1570186666667,252.667314099667
"121","24.2472.A.1",26.7986982222222,1361.94189968505
"122","24.2487.A.1",49.5824244444444,1291.06489836145
"123","24.2498.A.1",12.399429,288.035079231199
"124","24.256.A.1",20.3595325555556,1621.39982468997
"125","24.3034.N.N",30.5787055555556,1347.51185151138
"126","24.3042.N.N",24.2176906666667,1189.48867690369
"127","24.3044.N.N",41.4283277777778,3038.09102479862
"128","24.3045.N.N",17.462394,352.404411770588
"129","24.3047.N.N",13.9580888888889,251.111132433879
"130","24.3050.N.N",23.6655723333333,226.212225781281
"131","24.3061.N.N",15.8197972222222,1135.30526072219
"132","24.312.A.1",32.6777112222222,1802.90719534499
"133","24.313.A.1",26.8958251111111,682.031982796469
"134","24.32.A.1",39.1266303333333,1436.07273540074
"135","24.379.A.1",27.2476703333333,584.275479972914
"136","24.39.A.1",13.1606055555556,583.568124670283
"137","24.402.A.1",44.5557305555556,357.355898889002
"138","24.41.A.1",10.9333737777778,481.70896109147
"139","24.411.A.1",12.8851871111111,246.301116375991
"140","24.421.A.1",34.4661358888889,702.969699754336
"141","24.43.A.1",25.6011333333333,1103.04985892223
"142","24.430.A.1",31.6196995555556,299.352764073289
"143","24.435.A.1",24.2253315555556,85.448520557782
"144","24.44.A.1",22.8020253333333,179.80971792871
"145","24.462.A.1",32.8521491111111,471.523044733589
"146","24.465.A.1",17.4725084444444,174.858230810296
"147","24.473.A.1",18.1918581111111,694.339965062242
"148","24.477.A.1",31.4946114444444,846.704297248883
"149","24.49.A.1",28.919144,71.3014145051691
"150","24.520.A.1",13.3898332222222,684.154048704361
"151","24.525.A.1",14.0802848888889,892.823862980401
"152","24.53.A.1",52.8871614444444,577.909282249238
"153","24.536.A.1",15.4090444444444,399.655745986315
"154","24.561.A.1",15.191539,469.542449886223
"155","24.562.A.1",27.843123,1099.51308240908
"156","24.575.A.1",19.3218111111111,1163.59947282741
"157","24.588.A.1",21.32585,1750.70437401085
"158","24.595.A.1",26.674325,887.730904801461
"159","24.596.A.1",19.168048,184.619733986599
"160","24.6.A.1",12.5500096666667,503.778446533546
"161","24.60.A.1",23.8734,1941.69030572112
"162","24.61.A.1",22.1972532222222,579.606934975551
"163","24.616.A.1",14.7762166666667,185.751502470808
"164","24.646.A.1",10.54336,742.2986545806
"165","24.665.A.1",32.8727874444444,1159.63828313268
"166","24.676.A.1",23.0350752222222,589.792851333433
"167","24.693.A.1",31.6659251111111,378.718029028448
"168","24.706.A.1",40.515805,790.257344098958
"169","24.711.A.1",20.9559277777778,300.626003618025
"170","24.713.A.4",15.1044017777778,174.433817628717
"171","24.715.A.1",29.7378972222222,1167.13624934057
"172","24.717.A.1",24.1387552222222,517.784081525633
"173","24.722.A.1",28.7808742222222,496.70489350724
"174","24.723.A.4",34.23774,574.513976796611
"175","24.732.A.4",28.5685583333333,548.200359538751
"176","24.736.A.1",23.4870194444444,442.097064144154
"177","24.744.A.1",29.6441986666667,342.501437533759
"178","24.745.A.1",29.0610642222222,376.45449206003
"179","24.748.A.1",30.9851933333333,319.724596789052
"180","24.751.A.1",23.6185333333333,311.236333157484
"181","24.755.A.1",36.8172607777778,1595.79356273474
"182","24.764.A.1",28.8480305555556,413.802852038928
"183","24.765.A.1",32.1144262222222,586.680488001858
"184","24.782.A.1",26.4265277777778,484.538382301992
"185","24.789.A.1",27.5741583333333,2146.82334348401
"186","24.795.A.1",19.2030027777778,781.627609406864
"187","24.796.A.1",30.1933976666667,512.40818122564
"188","24.798.A.1",28.3081361111111,1835.58701032653
"189","24.801.A.1",16.8865333333333,229.89047335496
"190","24.803.A.4",21.667875,696.744973091186
"191","24.806.A.1",22.4298,420.876405065234
"192","24.818.A.1",22.2568135555556,385.084226752124
"193","24.826.A.1",21.0661744444444,1752.26055567664
"194","24.830.A.1",17.713925,2132.6762374314
"195","24.831.A.1",36.3176361111111,1715.33660887932
"196","24.836.A.1",19.2734045555556,533.628840304559
"197","24.840.A.1",17.6744444444444,502.222264867759
"198","24.852.A.1",20.5380972222222,700.281749604339
"199","24.871.A.1",31.613158,497.836661991449
"200","24.916.A.1",35.8898945555556,832.274249075218
"201","24.919.A.1",24.1158916666667,608.325560262356
"202","24.924.A.1",26.9092461111111,561.923052409785
"203","24.927.A.1",40.8266444444444,1149.4523667748
"204","24.93.A.1",15.0913508888889,339.106132081132
"205","24.931.A.1",10.5798305555556,159.154943091895
"206","24.935.A.1",33.0246527777778,806.385044998936
"207","24.941.A.4",24.7244888888889,413.802852038928
"208","24.943.A.1",30.9145437777778,510.851999559853
"209","24.946.A.1",14.2832555555556,314.773109670637
"210","24.955.A.4",19.3946361111111,749.796620788485
"211","24.963.A.1",15.280925,1209.5775674984
"212","24.969.A.6C",28.1934284444444,271.058551968064
"213","24.970.A.1",19.8503583333333,640.156548880735
"214","24.971.A.1",10.707975,406.729299012621
"215","24.988.A.4",36.2553972222222,1446.54159387967
"216","24.989.A.4",37.877375,572.957795130823
"217","24.996.A.1",12.6384638888889,951.392882038219
"218","24.997.A.4",19.5156311111111,386.215995236333
"219","34.1004.A.1",17.0407944444444,558.81068907821
"220","34.1012.A.1",43.5108281111111,354.52647767848
"221","34.1018.A.1",39.6887361111111,2656.11916137808
"222","34.1021.A.1",30.7514053333333,869.198195872538
"223","34.103.A.1",41.079146,1147.33030086691
"224","34.1033.A.1",34.5798472222222,1181.28335539318
"225","34.1043.A.1",38.8784728888889,883.628244046203
"226","34.1055.A.1",35.7257346666667,535.043550909821
"227","34.1083.A.1",28.1659111111111,339.53054526271
"228","34.1106.A.1",13.797125,965.539988090832
"229","34.1109.A.1",13.3943865555556,147.271374007701
"230","34.1122.A.1",25.7231,1782.53536262923
"231","34.1149.A.1",16.2647863333333,328.778744662724
"232","34.1151.A.4",10.6381186666667,335.569355567978
"233","34.1153.A.1",14.5922931111111,407.86106749683
"234","34.1166.A.1",24.8827138888889,866.510245722541
"235","34.1169.A.4",20.8675852222222,495.856067144083
"236","34.1200.A.1",52.7912693333333,1080.41448923805
"237","34.1201.A.1",11.2898694444444,502.222264867759
"238","34.1215.A.1",23.8438396666667,563.903647257151
"239","34.122.A.1",20.0477325555556,684.436990825413
"240","34.1220.A.1",17.699259,347.594395712699
"241","34.1237.A.1",22.1719956666667,653.879241751769
"242","34.1241.A.1",18.6563111111111,1365.19573407715
"243","34.1244.A.1",22.9274055555556,1400.56349920868
"244","34.128.A.1",42.990503,580.314290278182
"245","34.133.A.1",41.562875,1648.13785512941
"246","34.1333.N.N",25.7808191111111,342.07702435218
"247","34.1339.N.N",27.2232801111111,653.030415388612
"248","34.1362.N.N",40.1517038888889,1599.75475242947
"249","34.137.A.1",24.9793876666667,1077.86801014858
"250","34.1382.N.N",11.3651944444444,1347.51185151138
"251","34.140.A.1",38.4394083333333,1152.98914328795
"252","34.141.A.1",36.8463561111111,1446.6830649402
"253","34.15.A.1",10.0332055555556,774.554056380557
"254","34.156.A.1",17.8377,1220.18789703786
"255","34.162.A.1",35.8321638888889,859.436692696235
"256","34.17.A.1",22.1727795555556,276.151510147004
"257","34.173.A.1",13.187098,1260.64862034834
"258","34.193.A.1",48.167677,1224.85644203523
"259","34.194.A.1",31.7415296666667,441.814122023101
"260","34.197.A.1",13.515375,633.082995854428
"261","34.213.A.1",19.394675,353.677651315323
"262","34.215.A.1",15.54312,203.152442915522
"263","34.217.A.1",25.5132155555556,519.481734251946
"264","34.22.A.1",29.8240958888889,382.254805541601
"265","34.239.A.4",34.1117333333333,2185.7278851287
"266","34.247.A.1",23.5999722222222,1018.59163578813
"267","34.255.A.1",36.0121995555556,425.544950062597
"268","34.258.A.1",28.3650916666667,626.009442828122
"269","34.259.A.1",28.6785777777778,466.854499736226
"270","34.260.A.1",28.5721987777778,499.392843657236
"271","34.261.A.1",20.7426333333333,562.347465591364
"272","34.277.A.1",21.4512972222222,622.472666314968
"273","34.28.A.1",22.4495638888889,1356.14158620347
"274","34.286.A.1",36.4412333333333,601.252007236049
"275","34.293.A.1",36.9246194444444,1064.56973045912
"276","34.306.A.1",22.0637444444444,749.796620788485
"277","34.308.A.1",17.341225,422.432586731022
"278","34.31.A.1",40.8246416666667,1034.29492350653
"279","34.312.A.1",14.3389055555556,343.067321775863
"280","34.32.A.1",47.5565093333333,1119.88491512484
"281","34.323.A.1",37.8508333333333,274.453857420691
"282","34.324.A.1",31.127047,428.940255515224
"283","34.328.A.1",24.8095803333333,1543.5907414006
"284","34.34.A.4",54.6795016666667,801.15061575947
"285","34.352.A.1",13.9528555555556,450.726798836248
"286","34.354.A.1",35.8514722222222,657.840431446501
"287","34.371.A.1",35.5282222222222,1715.33660887932
"288","34.382.A.1",27.8631666666667,1556.18166578742
"289","34.384.A.1",19.8846388888889,396.118969473162
"290","34.385.A.4",29.0781555555556,654.303654933348
"291","34.388.A.4",23.44455,459.78094670992
"292","34.391.A.1",22.9808,1368.7325105903
"293","34.392.A.1",24.7567194444444,1287.38665078778
"294","34.398.A.1",23.4324277777778,583.568124670283
"295","34.4.A.1",42.3875143333333,1061.7403092486
"296","34.400.A.1",21.0784546666667,288.035079231199
"297","34.402.A.1",28.0190694444444,707.355302630646
"298","34.407.A.1",27.8600833333333,477.464829275686
"299","34.409.A.1",36.5705944444444,1011.51808276182
"300","34.410.A.1",41.7595764444444,602.66671784131
"301","34.411.A.1",11.7210088888889,109.215658726172
"302","34.420.A.1",17.6678467777778,485.670150786202
"303","34.434.A.1",28.0703601111111,408.285480678409
"304","34.444.A.1",25.5650861111111,739.186291249025
"305","34.448.A.1",24.5568333333333,976.150317630291
"306","34.456.A.1",22.6455388888889,618.935889801815
"307","34.465.A.1",25.1570194444444,657.840431446501
"308","34.472.A.1",29.0531916666667,1206.04079098525
"309","34.474.A.1",19.8839388888889,1496.05646506382
"310","34.476.A.4",26.323625,526.979700459831
"311","34.486.A.1",40.8946542222222,478.172184578317
"312","34.492.A.1",16.9092222222222,1124.69493118273
"313","34.494.A.4",36.5705584444444,947.290221282961
"314","34.495.A.1",25.6046442222222,334.013173902191
"315","34.497.A.1",24.3300196666667,1228.39321854838
"316","34.499.A.1",16.9447777777778,523.442923946678
"317","34.508.A.1",22.4021388888889,1471.29902947174
"318","34.527.A.1",22.5729833333333,516.369370920372
"319","34.532.A.1",11.8659492222222,326.515207694306
"320","34.539.A.1",30.0696944444444,1128.23170769588
"321","34.542.A.1",20.9792,278.980931357527
"322","34.545.A.1",17.9668853333333,135.812218105084
"323","34.547.A.1",32.4615277777778,1078.71683651173
"324","34.549.A.1",31.6778527777778,544.663583025597
"325","34.555.A.1",11.6790638888889,785.164385920017
"326","34.559.A.4",13.7098722222222,643.693325393888
"327","34.560.A.1",21.74385,1496.05646506382
"328","34.571.A.1",25.6248377777778,712.448260809587
"329","34.581.A.1",34.0164416666667,611.862336775509
"330","34.583.A.4",23.6420805555556,962.003211577678
"331","34.586.A.1",21.5115194444444,1227.26145006417
"332","34.592.A.1",34.772663,811.478003177877
"333","34.593.A.4",30.4693723333333,1621.39982468997
"334","34.599.A.1",29.9172897777778,574.513976796611
"335","34.616.A.4",13.2744805555556,1046.88584789336
"336","34.629.A.1",20.2019611111111,1252.01888565624
"337","34.644.A.4",32.1873953333333,747.391612759541
"338","34.675.A.1",22.9888527777778,1492.51968855066
"339","34.69.A.1",16.1457694444444,640.156548880735
"340","34.714.A.4",23.3693805555556,1372.26928710345
"341","34.718.A.1",13.4007694444444,233.427249868113
"342","34.723.A.4",13.0214666666667,155.618166578742
"343","34.771.A.1",25.493075,1701.1895028267
"344","34.781.A.1",27.275775,1435.93126434021
"345","34.786.A.1",22.1758611111111,626.009442828122
"346","34.90.A.1",23.9494305555556,937.245775985606
"347","34.97.A.1",20.2980083333333,1061.03295394597
"348","37.1018.A.1",25.2598332222222,1522.37008232168
"349","37.1019.A.1",21.5316444444444,1160.06269631426
"350","37.1022.A.1",35.15544,305.860432857491
"351","37.1024.A.1",19.9715835555556,108.649774484067
"352","37.1029.A.1",10.3851888888889,1446.54159387967
"353","37.1032.A.1",33.8521697777778,252.384371978614
"354","37.1035.A.1",15.9689277777778,763.943726841098
"355","37.1045.A.1",24.6525,348.160279954804
"356","37.1096.A.1",15.3481968888889,104.830055849862
"357","37.1109.A.1",10.1248204444444,344.623503441651
"358","37.1153.A.1",11.6282,452.707393683613
"359","37.1223.A.1",14.1722722222222,328.92021572325
"360","37.1235.A.1",17.1648611111111,449.17061717046
"361","37.1250.A.1",12.6306551111111,336.701124052187
"362","37.129.A.1",12.0690453333333,34.5189387683755
"363","37.1298.A.1",15.6352737777778,215.318954120769
"364","37.1308.A.1",19.132175,1623.38041953733
"365","37.1313.A.1",18.009942,769.036685020038
"366","37.1319.A.4",31.2207953333333,766.914619112146
"367","37.1320.A.1",20.254018,1154.54532495374
"368","37.1327.A.1",29.0844422222222,260.872635610182
"369","37.1331.A.1",28.6190675555556,478.172184578317
"370","37.1332.A.1",32.8746511111111,1168.69243100635
"371","37.1333.A.1",34.1695703333333,1496.33940718487
"372","37.1335.A.1",35.890725,1709.8192375188
"373","37.1336.A.4",30.016803,3193.28477819579
"374","37.1343.A.1",18.547953,433.042916270481
"375","37.1346.A.4",12.658,1310.16349153248
"376","37.1361.A.1",24.2775233333333,906.122142669857
"377","37.1368.A.1",62.0621568888889,1718.44897221089
"378","37.1369.A.1",30.4137611111111,1750.70437401085
"379","37.1370.A.1",19.9694388888889,473.928052762533
"380","37.1381.A.1",11.57866,135.104862802453
"381","37.1390.A.1",27.4469327777778,1318.368813043
"382","37.1405.A.4",13.34198,402.343696136311
"383","37.1410.A.4",10.0426833333333,449.17061717046
"384","37.1420.A.1",10.5272306666667,218.006904270765
"385","37.1459.A.1",19.2054613333333,715.560624141161
"386","37.1513.A.1",23.9055238888889,1066.12591212491
"387","37.1518.A.1",28.7583361111111,1609.23331348472
"388","37.1527.A.1",15.3779194444444,544.663583025597
"389","37.1532.A.1",27.737225,1464.22547644544
"390","37.1590.A.1",21.1292403333333,503.354033351968
"391","37.1592.A.1",67.2211652222222,539.004740604552
"392","37.1595.A.1",28.4073808888889,1897.26839271592
"393","37.1599.A.4",10.5434095555556,356.790014646898
"394","37.1616.A.1",25.2380405555556,938.377544469815
"395","37.1626.A.1",11.7490448888889,264.833825304914
"396","37.1627.A.1",19.2909222222222,530.516476972984
"397","37.1635.A.1",23.1355805555556,484.538382301992
"398","37.1643.A.1",31.259318,708.204128993803
"399","37.1644.A.1",26.0067916666667,1191.89368493264
"400","37.1647.A.1",48.2246348888889,1355.7171730219
"401","37.1654.A.4",17.563575,926.635446446146
"402","37.1658.A.1",60.9825857777778,2292.53853582592
"403","37.1660.A.1",12.7047055555556,466.854499736226
"404","37.1698.A.1",13.6041214444444,794.92588909632
"405","37.1707.A.1",17.1486197777778,400.787514470524
"406","37.1725.A.1",32.0471213333333,198.059484736581
"407","37.1738.A.1",14.8253254444444,721.07799550168
"408","37.1739.A.1",14.9761505555556,341.086726928497
"409","37.1752.A.1",19.8639474444444,310.811919975906
"410","37.1788.A.1",15.308608,35.6507072525846
"411","37.2004.N.N",10.1041777777778,389.045416446855
"412","37.2035.N.N",26.8382368888889,2353.51256291269
"413","37.2051.N.N",16.6196638888889,1542.03455973481
"414","37.2054.N.N",12.4641722222222,781.627609406864
"415","37.2070.N.N",38.7070394444444,1954.98858541058
"416","37.2074.N.N",21.047132,900.18035812776
"417","37.2076.N.N",13.4626462222222,146.139605523491
"418","37.2098.N.N",33.6899791111111,483.123671696731
"419","37.2112.N.N",10.4678534444444,199.615666402368
"420","37.2117.N.N",44.435181,1286.9622376062
"421","37.2119.N.N",12.488652,50.9295817894065
"422","37.2129.N.N",15.8700248888889,69.037877536751
"423","37.2139.N.N",20.1170467777778,754.889578967425
"424","37.2144.N.N",19.2336917777778,733.668919888506
"425","37.2156.N.N",10.4188387777778,581.587529822917
"426","37.2157.N.N",12.6915882222222,245.59376107336
"427","37.2161.N.N",26.1921512222222,2008.04023310788
"428","37.2166.N.N",13.7241555555556,282.093294689102
"429","37.2172.N.N",22.8637416666667,453.839162167822
"430","37.254.A.1",21.7243305555556,314.773109670637
"431","37.336.A.1",10.40086,25.4647908947033
"432","37.403.A.1",17.890834,513.115536528271
"433","37.50.A.1",10.983144,50.9295817894065
"434","37.524.A.1",13.5398736666667,448.746203988882
"435","37.531.A.1",12.7822488888889,76.9602569262143
"436","37.585.A.1",11.6294168888889,440.116469296788
"437","37.59.A.1",12.6962617777778,54.8907714841381
"438","37.746.A.1",12.38134,20.3718327157626
"439","37.778.A.1",23.316184,104.405642668283
"440","37.800.A.1",17.0124213333333,39.6118969473162
"441","37.816.A.1",23.4014586666667,113.742732663008
"442","37.833.A.1",12.600816,101.293279336709
"443","37.844.A.1",11.9312801111111,271.482965149642
"444","37.884.A.1",20.0439666666667,717.965632170106
"445","37.896.A.1",12.3938257777778,168.916446268198
"446","37.942.A.4",13.0742821111111,521.462329099312
"447","37.946.A.1",23.4790768888889,255.355264249663
"448","37.950.A.1",29.1909388888889,993.834200196058
"449","37.960.A.1",10.1736753333333,330.051984207459
"450","37.967.A.4",32.6064785555556,1400.1390860271
"451","37.974.A.1",24.9931924444444,1136.4370292064
"452","37.981.A.1",25.6223071111111,201.454790189208
"453","40.1003.A.1",11.9381027777778,905.414787367227
"454","40.1011.A.1",22.7934083333333,1934.61675269482
"455","40.1012.A.1",19.128375,2100.84524881302
"456","40.1027.1.1",21.372912,974.877078085556
"457","40.1027.A.1",25.6326772222222,1303.08993850618
"458","40.1045.A.1",14.8288416666667,1096.4007190775
"459","40.1061.A.1",14.735375,1287.38665078778
"460","40.1062.A.1",35.03505,1276.77632124832
"461","40.1063.A.1",22.3815444444444,1375.80606361661
"462","40.1066.A.1",25.3047305555556,1556.18166578742
"463","40.1075.A.1",32.1784722222222,1559.71844230057
"464","40.1079.A.1",38.4639888888889,1015.05485927498
"465","40.1085.A.1",36.3900416666667,1807.2927982213
"466","40.1089.A.4",22.35755,357.214427828476
"467","40.1112.A.1",19.58135,2355.49315776005
"468","40.1113.A.1",33.5767305555556,1786.07213914238
"469","40.1117.A.1",37.4472805555556,2373.17704032582
"470","40.1131.A.1",30.6408027777778,1980.59484736581
"471","40.1132.A.1",27.66805,969.076764603985
"472","40.1135.A.1",17.9579111111111,790.257344098958
"473","40.1137.A.1",29.0019305555556,1163.59947282741
"474","40.1138.A.1",42.4070416666667,2988.57615361448
"475","40.1151.A.1",11.6133951111111,93.3708999472453
"476","40.1166.A.1",30.9490493333333,230.880770778643
"477","40.1194.A.1",11.8302805555556,689.67142006488
"478","40.1228.A.1",13.3798777777778,187.449155197121
"479","40.1292.A.1",15.5692263333333,231.446655020747
"480","40.1302.A.1",10.2173888888889,809.92182151209
"481","40.1360.A.1",13.0359,1241.40855611678
"482","40.1365.A.1",26.850701,306.426317099596
"483","40.1372.A.1",16.27655,746.259844275331
"484","40.1376.A.1",25.7460074444444,1643.32783907152
"485","40.1377.A.1",10.522075,986.760647169751
"486","40.1380.A.1",12.0560897777778,43.5730866420478
"487","40.1381.A.1",22.2488888888889,136.943986589293
"488","40.1441.A.1",13.3715764444444,84.316752073573
"489","40.1450.A.1",12.4338415555556,466.430086554648
"490","40.1467.A.1",15.039138,439.267642933631
"491","40.1502.A.1",14.7694138888889,1538.49778322165
"492","40.1511.1.1",38.0801831111111,135.387804923506
"493","40.1536.A.1",10.2315248888889,195.230063526058
"494","40.1543.A.1",17.1608422222222,175.565586112926
"495","40.1544.A.1",12.9869638888889,753.333397301638
"496","40.1595.A.1",18.8482484444444,149.959324157697
"497","40.1604.A.1",13.58737,231.7295971418
"498","40.1616.A.1",30.9726125555556,565.318357862412
"499","40.1632.A.1",31.9309275555556,268.087659697015
"500","40.1634.A.1",21.2328968888889,847.128710430462
"501","40.1639.A.1",14.4889764444444,129.587491441934
"502","40.1642.A.1",26.9528893333333,737.488638522711
"503","40.1656.A.1",33.044768,1230.6567555168
"504","40.175.A.1",15.4187988888889,446.341195959938
"505","40.1752.A.1",19.6111188888889,567.440423770304
"506","40.1849.A.1",26.7144057777778,182.922081260285
"507","40.1856.A.1",30.5146897777778,241.774042439155
"508","40.1864.A.1",45.7936933333333,402.909580378416
"509","40.2020.A.1",30.0190591111111,502.080793807233
"510","40.2033.A.1",12.382515,232.154010323378
"511","40.2045.1.1",16.5786842222222,567.016010588726
"512","40.2047.1.1",31.5854561111111,423.564355215231
"513","40.2094.A.1",44.2280832222222,461.195657315181
"514","40.2097.1.1",15.9071057777778,234.559018352322
"515","40.2098.1.1",10.6496777777778,132.416912652457
"516","40.272.A.1",21.3111333333333,1064.56973045912
"517","40.273.A.1",25.401125,1616.30686651103
"518","40.274.A.1",31.5115583333333,1679.96884374778
"519","40.275.A.1",13.6131166666667,721.502408683259
"520","40.276.A.1",26.1088583333333,824.068927564703
"521","40.278.A.1",10.9446916666667,820.532151051549
"522","40.279.A.1",22.4875972222222,2111.45557835248
"523","40.287.A.1",16.0143944444444,965.539988090832
"524","40.288.A.1",32.5418527777778,2422.69191150996
"525","40.291.A.1",28.5641158888889,455.39534383361
"526","40.294.A.1",28.2831051111111,2077.64399488673
"527","40.297.A.1",11.475725,763.943726841098
"528","40.3000.N.N",19.8465195555556,173.160578083982
"529","40.3004.N.N",11.4368321111111,155.476695518216
"530","40.3008.N.N",19.4450194444444,884.194128288307
"531","40.302.A.1",17.4189722222222,229.89047335496
"532","40.3033.N.N",30.0646842222222,323.544315423257
"533","40.3045.N.N",11.9845753333333,249.837892889144
"534","40.3066.N.N",23.2477406666667,395.270143110005
"535","40.3090.N.N",14.0777444444444,519.906147433525
"536","40.3093.N.N",25.0433944444444,643.693325393888
"537","40.3095.N.N",13.7085,687.690825217514
"538","40.3096.N.N",25.9129027777778,668.45076098596
"539","40.3106.N.N",11.4437694444444,470.39127624938
"540","40.312.A.1",16.625625,1110.54782513011
"541","40.3131.N.N",24.0126846666667,446.765609141516
"542","40.338.A.1",17.845325,1297.99698032724
"543","40.343.A.1",13.7457,1687.04239677409
"544","40.346.A.1",12.4329767777778,756.445760633213
"545","40.354.A.1",16.593225,1368.7325105903
"546","40.373.A.1",12.7010173333333,110.347427210381
"547","40.398.A.1",14.1294146666667,129.163078260356
"548","40.432.A.1",25.4985195555556,139.207523557711
"549","40.444.A.1",23.9522253333333,157.315819305056
"550","40.446.A.1",10.8830142222222,92.2391314630362
"551","40.459.A.4",18.2135408888889,144.866365978756
"552","40.467.A.1",12.7496124444444,74.1308357156917
"553","40.480.A.4",17.3695671111111,130.719259926143
"554","40.51.A.4",16.4546861111111,477.464829275686
"555","40.515.A.1",13.1259302222222,124.494533262994
"556","40.561.A.1",21.5573254444444,543.814756662441
"557","40.6.1.1",33.7565173333333,272.048849391746
"558","40.6.A.1",48.3493502222222,230.314886536538
"559","40.655.A.1",22.7919216666667,295.108632257506
"560","40.716.1.1",24.1097912222222,708.062657933277
"561","40.716.A.1",26.7199212222222,1105.73780907223
"562","40.85.A.1",24.6866104444444,195.937418828689
"563","40.872.A.1",14.9165793333333,242.764339862838
"564","40.910.A.1",25.0763878888889,524.999105612465
"565","40.912.A.4",13.785175,1559.71844230057
"566","40.923.A.6C",24.0538527777778,601.252007236049
"567","40.933.A.1",16.4962555555556,866.510245722541
"568","40.939.A.4",22.5932777777778,534.053253486138
"569","40.940.A.1",28.9584694444444,1771.92503308977
"570","40.944.A.1",17.1158666666667,1446.54159387967
"571","40.95.A.1",19.4419763333333,488.782514117776
"572","40.954.A.1",16.97565,1400.56349920868
"573","40.957.A.1",11.1875361111111,887.730904801461
"574","40.963.A.1",26.7506277777778,1025.66518881444
"575","40.965.A.1",22.9463944444444,1322.75441591931
"576","40.969.A.1",23.147675,1365.19573407715
"577","40.985.1.1",15.065075,1202.5040144721
"578","40.987.A.1",17.1749915555556,526.555287278253
"579","40.996.A.1",12.3022222222222,824.068927564703
"580","42.100.A.1",28.7027334444444,822.088332717337
"581","42.1003.A.1",22.2666736666667,508.446991530908
"582","42.1010.A.1",26.3008393333333,1452.34190736124
"583","42.1013.A.1",16.1242883333333,368.956525852145
"584","42.1026.A.1",18.3782722222222,470.39127624938
"585","42.1029.A.1",21.0578611111111,868.066427388329
"586","42.1038.A.1",13.4511833333333,417.339628552081
"587","42.1046.A.1",31.0271583333333,1389.95316966922
"588","42.1047.A.1",19.8138456666667,452.282980502035
"589","42.1048.A.1",10.7621566666667,588.661082849224
"590","42.105.A.1",27.5273883333333,616.955294954449
"591","42.1051.A.1",10.1318,461.337128375707
"592","42.1055.A.1",17.5286277777778,1269.70276822201
"593","42.1056.A.1",13.6669333333333,611.862336775509
"594","42.1061.A.1",17.8024166666667,615.399113288662
"595","42.1069.A.1",11.1709844444444,323.402844362731
"596","42.1077.A.1",14.4040361111111,512.832594407218
"597","42.1086.A.1",21.7679488888889,602.808188901837
"598","42.1108.A.1",12.8518927777778,399.231332804737
"599","42.1136.A.1",17.8318916666667,2178.65433210239
"600","42.116.A.1",19.3636,623.604434799178
"601","42.1174.A.1",21.799924,250.828190312827
"602","42.1175.A.1",14.02835,1177.74657888003
"603","42.118.A.1",39.5234123333333,1598.19857076368
"604","42.1187.A.1",26.6244911111111,202.586558673417
"605","42.119.A.1",18.7360324444444,670.2898847728
"606","42.1194.A.1",14.9695611111111,640.156548880735
"607","42.1214.A.1",12.3563861111111,626.009442828122
"608","42.1224.A.1",27.9471222222222,652.323060085982
"609","42.1226.A.1",13.8755277777778,443.653245809941
"610","42.1233.A.1",25.7413547777778,1025.24077563286
"611","42.1268.A.1",16.020968,595.73463587553
"612","42.1282.A.1",17.0524867777778,572.533381949245
"613","42.129.A.4",16.9213977777778,395.270143110005
"614","42.1293.A.1",25.8185773333333,211.640706547089
"615","42.1294.A.1",24.2822527777778,859.436692696235
"616","42.1393.A.1",14.128025,1464.22547644544
"617","42.1411.A.1",14.6685891111111,618.511476620237
"618","42.142.A.4",22.7354083333333,502.222264867759
"619","42.1422.A.1",32.7082111111111,912.488340393533
"620","42.1424.A.1",18.1153358888889,621.623839951812
"621","42.1425.A.1",21.5507166666667,958.466435064525
"622","42.1439.A.1",29.5369122222222,1284.98164275883
"623","42.1440.A.1",31.0344101111111,1854.4026613765
"624","42.1469.A.1",20.41455,2196.33821466816
"625","42.147.A.1",27.2438841111111,960.022616730313
"626","42.148.A.1",10.8338722222222,611.862336775509
"627","42.1487.A.1",18.7038777777778,993.834200196058
"628","42.149.A.1",31.4731573333333,869.198195872538
"629","42.1494.A.1",24.4039611111111,551.737136051904
"630","42.1498.A.4",23.6792944444444,1361.65895756399
"631","42.1502.A.1",23.0978255555556,1706.28246100564
"632","42.1507.A.1",15.7185694444444,1287.38665078778
"633","42.1508.A.1",38.7517555555556,1612.77008999787
"634","42.151.A.1",34.5440388888889,1433.10184312969
"635","42.1513.A.1",15.7661694444444,1312.14408637985
"636","42.152.A.1",14.5581194444444,618.935889801815
"637","42.1521.A.1",11.0251944444444,997.370976709211
"638","42.1523.A.1",19.449575,2228.16920328653
"639","42.1530.A.1",26.1295638888889,1312.14408637985
"640","42.1537.A.1",13.6419583333333,1510.20357111643
"641","42.1540.A.1",14.3551583333333,1382.87961664291
"642","42.1552.A.1",12.0327916666667,684.154048704361
"643","42.1560.A.1",12.53855,1191.89368493264
"644","42.1561.A.1",20.2199333333333,2479.28033572041
"645","42.1569.A.1",12.3656805555556,335.993768749557
"646","42.1580.A.1",10.2597722222222,870.047022235694
"647","42.1590.A.1",17.1983833333333,1446.54159387967
"648","42.1601.A.1",38.6523055555556,1849.73411637914
"649","42.1608.A.1",14.222425,1273.23954473516
"650","42.1611.A.1",10.0921083333333,339.53054526271
"651","42.1620.A.1",15.0423277777778,700.281749604339
"652","42.1621.A.1",13.9752,1305.07053335354
"653","42.1624.A.1",25.1071362222222,825.200696048912
"654","42.1625.A.1",14.9531916666667,892.823862980401
"655","42.1626.A.1",26.6782706666667,859.012279514656
"656","42.164.A.1",27.1919436666667,542.541517117705
"657","42.1640.A.1",10.0755344444444,475.48423442832
"658","42.1648.A.1",15.830543,1002.46393488815
"659","42.1652.A.1",18.380228,245.59376107336
"660","42.1662.A.1",23.7014944444444,1711.79983236616
"661","42.1665.A.1",10.1283027777778,1110.54782513011
"662","42.1666.A.1",13.7351916666667,1510.20357111643
"663","42.1680.A.1",36.4204078888889,513.115536528271
"664","42.1681.A.1",23.7204388888889,1181.28335539318
"665","42.1683.A.1",14.8740694444444,827.605704077856
"666","42.1686.A.1",16.5888277777778,739.186291249025
"667","42.1687.A.1",26.5425533333333,872.734972385691
"668","42.1688.A.1",20.0331405555556,678.919619464894
"669","42.1689.A.1",26.3311777777778,1165.1556544932
"670","42.1695.A.1",21.3596461111111,305.718961796965
"671","42.1699.A.1",25.1533833333333,526.979700459831
"672","42.1726.A.1",13.24705,732.112738222719
"673","42.1728.A.1",17.2051694444444,696.744973091186
"674","42.1731.A.1",19.4175916666667,590.641677696589
"675","42.1733.A.4",11.0598577777778,296.664813923293
"676","42.1749.A.1",12.369093,326.939620875885
"677","42.175.A.1",16.532985,404.748704165256
"678","42.1751.A.1",13.5663802222222,408.285480678409
"679","42.179.A.4",14.4260138888889,753.333397301638
"680","42.1804.A.1",17.7446111111111,976.150317630291
"681","42.1833.A.1",38.32865,1068.10650697228
"682","42.1864.A.1",27.6472944444444,700.281749604339
"683","42.1890.A.1",25.3934203333333,654.5865970544
"684","42.1891.A.4",15.2908004444444,677.080495678054
"685","42.1903.A.1",29.6026611111111,1280.31309776147
"686","42.1918.A.1",19.3915924444444,1837.14319199231
"687","42.1934.A.1",12.14791,776.110238046345
"688","42.1965.A.1",45.424169,1142.66175586955
"689","42.1981.A.4",31.1507666666667,624.028847980756
"690","42.1985.A.1",20.298559,666.328695078068
"691","42.2001.A.1",37.0197422222222,1357.27335468768
"692","42.2025.A.1",10.9883583333333,358.770609494264
"693","42.2026.A.1",29.0585861111111,2132.25182424982
"694","42.2027.A.1",45.4981192222222,2163.65839968662
"695","42.2043.A.1",25.2665485555556,508.02257834933
"696","42.2047.A.1",31.4695561111111,1097.81542968276
"697","42.2049.A.1",27.8763791111111,805.394747575253
"698","42.2051.A.4",14.285968,191.693287012905
"699","42.2071.A.1",17.6424466666667,528.535882125619
"700","42.2080.A.4",14.8611194444444,870.047022235694
"701","42.2094.A.1",35.6829777777778,1368.7325105903
"702","42.2102.A.1",36.4859118888889,1115.21637012748
"703","42.2104.A.1",38.8157462222222,1884.67746832909
"704","42.2110.A.1",28.7511921111111,1371.84487392187
"705","42.2122.A.1",24.1288833333333,1234.33500309048
"706","42.2123.A.1",21.3574638888889,1446.54159387967
"707","42.2126.A.1",20.9547877777778,656.991605083344
"708","42.2132.A.1",33.3221633333333,1925.56260482114
"709","42.2136.A.1",17.0824361111111,1297.99698032724
"710","42.2142.A.1",10.727775,1400.56349920868
"711","42.2153.A.1",18.7771917777778,508.446991530908
"712","42.2157.A.1",12.1559666666667,1046.88584789336
"713","42.2161.A.1",12.2845583333333,809.92182151209
"714","42.2201.A.1",17.2142138888889,852.363139669928
"715","42.2206.A.1",11.122164,253.374669402297
"716","42.2218.A.1",27.3523303333333,843.308991796256
"717","42.2237.A.1",14.2098305555556,831.142480591009
"718","42.2249.A.1",11.3789388888889,519.906147433525
"719","42.225.A.1",24.7713444444444,728.575961709565
"720","42.2255.A.1",18.4794111111111,739.186291249025
"721","42.228.A.1",17.4730322222222,515.944957738793
"722","42.2280.A.1",20.705562,594.036983149216
"723","42.230.A.1",26.9745322222222,832.698662256796
"724","42.2321.A.1",12.4706888888889,873.583798748848
"725","42.2357.A.1",35.5644353333333,303.596895889073
"726","42.2364.A.1",11.2533055555556,339.53054526271
"727","42.2366.A.1",20.2432833333333,1188.35690841949
"728","42.2393.A.1",11.494775,986.760647169751
"729","42.2407.A.1",10.4563805555556,1191.89368493264
"730","42.2412.A.1",15.050425,1559.71844230057
"731","42.2417.A.1",12.1722,1241.40855611678
"732","42.2462.A.1",20.8137333333333,2019.49938901049
"733","42.2511.A.1",15.0045638888889,2001.81550644473
"734","42.2513.A.1",13.1415166666667,1301.53375684039
"735","42.2518.A.1",17.142225,1878.02832848436
"736","42.252.A.1",38.5719697777778,408.144009617883
"737","42.253.A.1",36.166468,360.468262220577
"738","42.2534.A.1",18.9390722222222,1099.93749559065
"739","42.2563.A.1",14.162725,1336.90152197192
"740","42.2574.A.1",14.7070444444444,919.56189341984
"741","42.258.A.1",16.4517581111111,396.826324775792
"742","42.2589.A.1",37.1323453333333,736.639812159555
"743","42.265.A.1",20.354173,1126.81699709062
"744","42.266.A.1",31.6187421111111,496.563422446713
"745","42.27.A.4",34.4035796666667,837.508678314685
"746","42.277.A.1",20.2301361111111,594.178454209743
"747","42.291.A.1",26.0402305555556,1156.52591980111
"748","42.293.A.1",20.8484571111111,195.088592465532
"749","42.296.A.1",29.2019084444444,1196.42075886947
"750","42.3020.A.1",22.4604208888889,955.637013854003
"751","42.3037.A.4",10.196025,1082.25361302489
"752","42.3041.A.1",27.7480638888889,689.67142006488
"753","42.3056.A.1",31.4454376666667,267.380304394384
"754","42.3076.A.4",11.0842611111111,671.987537499114
"755","42.3092.A.1",29.7251,884.194128288307
"756","42.3101.A.1",11.706075,870.047022235694
"757","42.3109.A.1",29.8210552222222,2217.1344605655
"758","42.3154.A.1",44.3867,112.045079936694
"759","42.3165.A.1",37.4853396666667,612.569692078139
"760","42.3170.A.1",13.7736488888889,78.0920254104233
"761","42.3174.A.4",19.7757194444444,749.796620788485
"762","42.3177.A.1",17.374046,179.10236262608
"763","42.3178.A.1",17.9471972222222,1365.19573407715
"764","42.318.A.1",19.2818972222222,290.015674078565
"765","42.3180.A.1",21.5576255555556,756.445760633213
"766","42.3200.A.1",35.6741046666667,460.346830952024
"767","42.3203.A.4",12.8925967777778,205.41597988394
"768","42.3205.A.1",10.096564,218.855730633922
"769","42.3209.A.1",21.4607863333333,1059.75971440123
"770","42.3223.A.1",25.9727304444444,913.195695696164
"771","42.3243.A.4",15.856071,401.211927652102
"772","42.326.A.1",19.8864524444444,200.323021704999
"773","42.3276.A.1",14.4215611111111,590.641677696589
"774","42.3277.A.1",33.2267277777778,1867.41799894491
"775","42.333.A.1",38.4485648888889,348.018808894278
"776","42.341.A.4",16.7084248888889,189.712692165539
"777","42.342.A.1",29.8099282222222,609.740270867617
"778","42.345.A.1",52.0428826666667,447.614435504673
"779","42.349.A.1",26.1855166666667,1340.43829848507
"780","42.3501.N.N",14.5769444444444,1011.51808276182
"781","42.351.A.1",15.3061056666667,480.577192607261
"782","42.3527.N.N",21.2757041111111,433.750271573112
"783","42.3554.N.N",21.885144,769.036685020038
"784","42.3556.N.N",25.9475961111111,1129.78788936167
"785","42.3559.N.N",48.8717992222222,2215.57827889971
"786","42.3580.N.N",17.4220622222222,1504.68619975591
"787","42.3587.N.N",28.0364875555556,75.2626041999007
"788","42.3627.N.N",14.6364944444444,739.186291249025
"789","42.366.A.1",13.1273361111111,282.942121052258
"790","42.371.A.1",18.5711111111111,926.635446446146
"791","42.376.A.1",55.2287717777778,3092.69885416171
"792","42.399.A.4",21.0003638888889,841.752810130469
"793","42.406.A.1",30.812466,521.037915917734
"794","42.436.A.1",22.2429083333333,1520.81390065589
"795","42.437.A.1",23.5210972222222,420.876405065234
"796","42.441.A.1",20.2059298888889,318.592828304843
"797","42.448.A.1",32.0763783333333,387.206292660016
"798","42.450.A.1",17.8595257777778,186.175915652386
"799","42.459.A.1",20.5372054444444,420.451991883656
"800","42.460.A.1",44.6962711111111,421.01787612576
"801","42.491.A.1",18.0106802222222,270.634138786485
"802","42.5.A.4",16.3686703333333,269.077957120698
"803","42.504.A.1",22.462583,487.226332451989
"804","42.508.A.1",52.4688402222222,369.805352215302
"805","42.509.A.4",40.2978376666667,302.040714223286
"806","42.517.A.1",38.707168,361.741501765312
"807","42.519.A.1",38.0559105555556,530.799419094037
"808","42.535.A.1",40.5842617777778,1413.01295253498
"809","42.544.A.1",22.9106027777778,1733.02049144508
"810","42.547.A.1",45.9224555555556,1691.71094177145
"811","42.549.A.1",12.6100583333333,176.838825657661
"812","42.552.A.1",39.2541755555556,1651.10874740045
"813","42.558.A.1",17.0597351111111,197.210658373424
"814","42.585.A.1",34.7383111111111,795.774715459477
"815","42.587.A.1",25.8481444444444,756.870173814791
"816","42.626.A.1",12.216075,1623.38041953733
"817","42.632.A.1",25.3316733333333,375.181252515295
"818","42.642.A.1",27.949942,1209.43609643788
"819","42.646.A.1",13.2353472222222,481.001605788839
"820","42.650.A.1",51.6358094444444,483.689555938836
"821","42.652.A.1",20.6420888888889,1513.74034762958
"822","42.653.A.1",36.1919888888889,1563.25521881373
"823","42.668.A.1",17.7514482222222,537.872972120343
"824","42.674.A.4",28.5031571111111,1163.17505964583
"825","42.685.A.1",28.3438368888889,1398.15849117973
"826","42.689.A.1",17.644575,951.392882038219
"827","42.694.A.1",20.5221483333333,190.42004746817
"828","42.70.A.1",44.1334872222222,1129.78788936167
"829","42.701.A.1",19.5544777777778,1308.6073098667
"830","42.705.A.1",10.2878666666667,880.657351775154
"831","42.725.A.1",25.1809392222222,541.834161815075
"832","42.744.A.1",19.5067475555556,137.085457649819
"833","42.747.A.1",30.7242696666667,499.675785778288
"834","42.749.A.1",24.615175,1679.96884374778
"835","42.754.A.1",39.0083405555556,2297.49002294434
"836","42.770.A.1",18.0261036666667,565.03541574136
"837","42.8.A.4",15.5942675555556,586.680488001858
"838","42.81.A.4",26.2911222222222,1340.43829848507
"839","42.82.A.1",34.7103666666667,739.186291249025
"840","42.827.A.1",25.897375,1018.59163578813
"841","42.83.A.1",26.0937338888889,535.609435151925
"842","42.841.A.1",38.8380803333333,737.205696401659
"843","42.870.A.1",36.7775111111111,580.03134815713
"844","42.875.A.1",21.3605472222222,512.832594407218
"845","42.883.A.1",23.4917413333333,220.694854420762
"846","42.891.A.1",25.2935388888889,1022.12841230128
"847","42.897.A.1",28.6450444444444,431.486734604694
"848","42.903.A.1",14.2031916666667,360.751204341629
"849","42.904.A.1",31.1524791111111,247.291413799674
"850","42.914.A.1",34.0471555555556,3168.95175578529
"851","42.915.A.1",42.2791083333333,1043.3490713802
"852","42.918.A.1",45.6972457777778,354.385006617954
"853","42.932.A.1",10.8465611111111,534.053253486138
"854","42.935.A.1",23.8908416666667,403.192522499468
"855","42.956.A.1",23.7420777777778,1658.74818466886
"856","42.957.A.1",29.9237724444444,451.858567320457
"857","42.958.A.1",41.1405722222222,884.194128288307
"858","42.959.A.1",25.9518861111111,1223.72467355102
"859","42.96.A.4",35.6890583333333,1527.8874536822
"860","42.960.A.1",25.9094333333333,482.557787454627
"861","42.971.A.1",12.7958027777778,459.78094670992
"862","42.972.A.1",42.7778422222222,585.831661638701
"863","42.976.A.1",29.6262855555556,926.211033264568
"864","42.983.A.1",40.0702466666667,391.591895536326
"865","42.99.A.1",31.0722861111111,737.205696401659
"866","42.996.A.1",19.2421941111111,393.713961444218
"867","47.125.A.1",10.683075,1050.42262440651
"868","47.153.A.1",10.3854666666667,208.669814276041
"869","47.2001.A.1",29.0304361111111,1786.07213914238
"870","47.2023.A.4",10.094025,1050.42262440651
"871","47.2026.A.1",27.1801,629.546219341275
"872","47.2050.A.1",10.2498,1177.74657888003
"873","47.2093.A.1",14.8608166666667,282.942121052258
"874","47.2108.A.1",13.6154111111111,350.14087480217
"875","47.226.A.1",13.107325,251.111132433879
"876","47.233.A.1",20.4375,580.03134815713
"877","47.2367.A.1",12.6373255555556,144.159010676126
"878","47.2395.A.1",13.8531364444444,283.225063173311
"879","47.2413.A.1",23.1912722222222,343.067321775863
"880","47.243.A.1",17.2024391111111,112.610964178799
"881","47.2521.N.N",23.9253937777778,463.600665344125
"882","47.2531.N.N",13.9456167777778,620.492071467603
"883","47.2532.N.N",25.2020823333333,839.347802101525
"884","47.2536.N.N",18.7153426666667,407.012241133674
"885","47.2537.N.N",40.0045886666667,752.767513059533
"886","47.2545.N.N",10.4909387777778,181.082957473445
"887","47.2549.N.N",37.2697737777778,249.554950768092
"888","47.2550.N.N",19.6096422222222,147.271374007701
"889","47.2551.N.N",15.1695217777778,124.494533262994
"890","47.2558.N.N",27.796084,348.018808894278
"891","47.2563.N.N",17.4461022222222,238.803150168106
"892","47.2564.N.N",11.4890977777778,264.833825304914
"893","47.2569.N.N",24.0201315555556,327.646976178515
"894","47.2574.N.N",10.8233666666667,809.92182151209
"895","47.2580.N.N",16.6331942222222,422.432586731022
"896","47.2585.N.N",14.6324231111111,309.255738310118
"897","47.29.A.1",32.4183972222222,1563.25521881373
"898","47.294.A.1",25.0045524444444,239.934918652315
"899","47.31.A.1",10.5509,647.230101907041
"900","47.311.A.1",17.9095982222222,126.758070231412
"901","47.322.A.1",21.5063,212.206590789194
"902","47.330.A.1",12.6449447777778,91.8147182814578
"903","47.345.A.1",15.6154097777778,112.610964178799
"904","47.354.A.1",15.6192142222222,203.152442915522
"905","47.361.A.1",18.2982104444444,171.604396418195
"906","47.372.A.1",14.4010881111111,249.837892889144
"907","47.373.A.1",16.9769297777778,139.773407799816
"908","47.380.A.1",15.0909911111111,465.156847009913
"909","47.404.A.1",15.7532283333333,1161.61887798005
"910","47.407.A.1",11.6842182222222,84.316752073573
"911","47.413.A.1",10.7444008888889,961.5787983961
"912","47.416.A.1",13.579599,762.670487296362
"913","47.418.A.1",10.6068126666667,526.130874096674
"914","47.425.A.1",13.3867606666667,846.845768309409
"915","47.435.A.1",11.273176,879.808525411997
"916","47.439.A.1",16.6271832222222,442.804419446784
"917","47.442.A.1",11.7855166666667,1124.69493118273
"918","47.459.A.1",13.3842723333333,299.777177254868
"919","47.466.A.1",10.852368,209.377169578671
"920","47.472.A.1",16.9189534444444,415.641975825768
"921","47.475.A.1",12.1950151111111,92.2391314630362
"922","47.481.A.1",11.6894,1177.74657888003
"923","47.56.A.4",18.128025,2387.32414637843
"924","47.584.A.4",13.5471272222222,473.079226399376
"925","47.595.A.1",23.3852038888889,605.920552233411
"926","47.622.A.4",10.6170977777778,177.546180960292
"927","47.626.A.1",21.6448306666667,319.866067849578
"928","47.631.A.1",14.64032,89.4097102525136
"929","47.666.A.1",27.5416862222222,256.911445915451
"930","47.679.A.1",18.075428,80.3555623788414
"931","47.680.A.1",13.4025071111111,106.386237515649
"932","47.686.A.1",12.3193951111111,118.977161902475
"933","47.696.A.1",11.2017368888889,599.271412388683
"934","47.699.A.1",10.6605697777778,54.8907714841381
"935","47.7.A.1",10.0308108888889,321.422249515366
"936","47.703.A.1",16.5066644444444,133.548681136666
"937","47.753.A.4",25.5825416666667,265.541180607545
"938","47.761.A.1",18.9643194444444,783.183791072651
"939","47.770.A.1",25.865616,112.045079936694
"940","47.772.A.1",19.3950844444444,245.59376107336
"941","47.785.A.1",20.0671991111111,142.88577113139
"942","47.795.A.1",14.3171386666667,184.19532080502
"943","47.796.A.4",15.314084,170.897041115564
"944","47.827.A.1",14.147192,61.1154981472878
"945","47.84.A.1",11.1644527777778,420.876405065234
"946","47.848.A.1",37.0926497777778,370.088294336354
"947","47.867.A.1",10.184224,76.5358437446359
"948","47.873.A.1",10.516592,118.269806599844
"949","47.875.A.1",10.9974802222222,141.046647344551
"950","47.88.A.1",15.9694777777778,1542.03455973481
"951","47.892.A.1",11.6195088888889,87.1461732840956
"952","47.897.A.1",10.0020808888889,104.830055849862
"953","47.902.A.1",12.5058855555556,227.909878507594
"954","47.916.A.1",12.8763981111111,250.686719252301
"955","47.924.A.1",14.6311622222222,110.347427210381
"956","47.931.A.1",13.8896506666667,98.4638581261859
"957","47.935.A.1",10.0140888888889,72.9990672314827
"958","47.944.A.1",10.2271444444444,159.154943091895
"959","47.955.A.1",15.9953031111111,74.1308357156917
"960","47.961.A.1",12.204208,50.9295817894065
"961","47.965.A.1",16.3457391111111,129.587491441934
"962","47.97.A.4",10.2948666666667,335.993768749557
"963","49.1033.A.1",12.9850692222222,233.002836686535
"964","49.116.A.1",16.5345608888889,254.223495765454
"965","49.117.A.1",41.0529944444444,1644.60107861625
"966","49.125.A.1",16.0118454444444,445.209427475729
"967","49.134.A.1",22.8423416666667,1181.28335539318
"968","49.139.A.1",20.6690972222222,1078.71683651173
"969","49.14.A.1",23.8373328888889,469.966863067801
"970","49.148.A.1",20.4217527777778,841.752810130469
"971","49.151.A.1",16.787975,537.590029999291
"972","49.152.A.1",22.1556611111111,640.156548880735
"973","49.185.A.1",23.5546777777778,1216.65112052471
"974","49.186.A.1",21.599425,1467.76225295859
"975","49.2002.A.1",19.41115,1315.680862893
"976","49.2008.A.1",33.2870531111111,1686.19357041093
"977","49.2012.A.1",11.3990916666667,565.884242104517
"978","49.2018.A.1",31.5229242222222,1097.81542968276
"979","49.2022.A.1",11.3972444444444,286.478897565412
"980","49.204.A.1",61.3723884444444,2200.15793330236
"981","49.2053.A.4",15.0493245555556,553.293317717691
"982","49.2064.A.1",15.9918305555556,530.516476972984
"983","49.2066.A.1",29.4263681111111,1611.49685045314
"984","49.2070.A.1",20.0354015555556,380.698623875814
"985","49.2073.A.1",31.41153,697.876741575395
"986","49.2094.A.1",44.5369497777778,184.478262926072
"987","49.21.A.1",51.4961,1573.86554835319
"988","49.2100.1.4",23.5366226666667,708.770013235907
"989","49.2103.A.6C",32.1579473333333,758.426355480579
"990","49.2106.A.1",11.4520733333333,92.2391314630362
"991","49.2109.A.1",12.4790115555556,291.147442562774
"992","49.2115.A.1",26.3665297777778,198.625368978685
"993","49.2126.A.1",11.4751895555556,122.513938415628
"994","49.2132.A.1",13.1847903333333,394.845729928427
"995","49.2149.A.1",49.0278006666667,373.342128728455
"996","49.2196.A.1",17.5753707777778,180.234131110289
"997","49.2310.N.N",36.3337414444444,609.457328746565
"998","49.2350.N.N",13.5723138888889,396.118969473162
"999","49.284.A.1",25.0852813333333,345.75527192586
"1000","49.29.A.1",23.1222361111111,1138.84203723534
"1001","49.325.A.1",24.6308707777778,602.808188901837
"1002","49.351.A.1",28.3328452222222,625.160616464965
"1003","49.352.A.4",23.8181222222222,622.472666314968
"1004","49.358.A.4",15.6452598888889,337.125537233766
"1005","49.362.A.1",22.8203,1209.5775674984
"1006","49.366.A.1",19.6226972222222,650.766878420194
"1007","49.37.A.1",27.638044,787.003509706857
"1008","49.432.A.1",38.7297555555556,310.811919975906
"1009","49.434.A.1",21.2318638888889,661.377207959654
"1010","49.447.A.1",10.5507808888889,269.077957120698
"1011","49.449.A.1",39.5757194444444,1520.81390065589
"1012","49.474.A.1",26.5651791111111,329.203157844303
"1013","49.488.A.1",23.5114138888889,1131.76848420903
"1014","49.492.A.1",12.0938881111111,730.132143375353
"1015","49.503.A.1",33.9868817777778,467.986268220435
"1016","49.508.A.1",15.1120195555556,506.466396683542
"1017","49.55.A.1",14.454724,159.437885212948
"1018","49.557.A.1",11.4183805555556,647.230101907041
"1019","49.572.A.4",20.4753638888889,385.508639933702
"1020","49.577.A.1",15.4846387777778,365.419749338992
"1021","49.582.A.1",37.0697055555556,526.979700459831
"1022","49.6.A.1",11.2112416666667,339.53054526271
"1023","49.60.A.1",26.3143277777778,516.369370920372
"1024","49.601.A.4",36.4542858888889,574.089563615032
"1025","49.618.A.1",33.4039748888889,510.851999559853
"1026","49.67.A.1",19.7539672222222,233.285778807587
"1027","49.673.A.1",23.1437916666667,523.442923946678
"1028","49.708.A.1",13.958492,289.591260896986
"1029","49.720.A.4",25.7797547777778,404.748704165256
"1030","49.73.A.1",27.9723514444444,391.308953415273
"1031","49.731.A.1",28.3540277777778,484.538382301992
"1032","49.736.A.1",14.1267465555556,220.411912299709
"1033","49.742.A.1",16.8761526666667,528.11146894404
"1034","49.76.A.1",14.2263804444444,332.032579054825
"1035","49.784.A.1",12.9522317777778,163.823488089258
"1036","49.785.A.1",15.5103386666667,160.711124757683
"1037","49.788.A.1",16.3243972222222,197.635071555002
"1038","49.790.A.1",14.3758223333333,300.908945739077
"1039","49.793.A.1",21.0268944444444,1697.65272631355
"1040","49.794.A.1",15.0883764444444,251.81848773651
"1041","49.812.A.1",14.529322,414.510207341558
"1042","49.82.A.4",29.9718395555556,358.770609494264
"1043","49.843.A.1",14.6733486666667,165.379669755045
"1044","49.854.A.1",11.8513348888889,264.409412123335
"1045","49.857.A.1",13.3675722222222,744.279249427966
"1046","49.89.A.4",38.2256888888889,1595.08620743211
"1047","49.949.A.1",16.960135,578.050753309764
"1048","49.97.A.4",14.7049194444444,406.729299012621
"1049","5.1.A.1",15.873901,147.271374007701
"1050","5.1002.A.1",37.7913768888889,397.816622199475
"1051","5.1008.A.1",28.5767266666667,143.168713252443
"1052","5.1009.A.1",34.8541413333333,351.131172225853
"1053","5.101.A.1",19.236717,293.410979531192
"1054","5.1010.A.1",21.5353527777778,1488.98291203751
"1055","5.1011.A.1",50.0038088888889,2021.05557067628
"1056","5.1013.A.1",50.6924833333333,1280.31309776147
"1057","5.1018.A.1",35.4132396666667,694.905849304347
"1058","5.102.A.1",12.4625986666667,160.711124757683
"1059","5.105.A.1",12.41818,50.9295817894065
"1060","5.1055.A.1",29.8331235555556,286.337426504886
"1061","5.1060.A.1",16.1071471111111,277.000336510161
"1062","5.1064.A.1",49.0439275555556,252.525843039141
"1063","5.1073.A.1",47.3670457777778,2490.17360738093
"1064","5.1082.A.1",36.6131587777778,349.857932681117
"1065","5.1083.A.1",24.5973648888889,408.851364920513
"1066","5.1101.A.1",48.204228,626.009442828122
"1067","5.1111.A.1",31.1717652222222,526.555287278253
"1068","5.1118.A.4",41.2127467777778,1037.69022895916
"1069","5.112.A.1",15.5685774444444,197.210658373424
"1070","5.1126.A.1",31.8854914444444,690.520246428037
"1071","5.1135.A.1",30.4836277777778,468.976565644118
"1072","5.1143.A.4",37.307301,286.90331074699
"1073","5.115.A.1",23.3648362222222,346.179685107438
"1074","5.1159.A.1",20.9443955555556,75.2626041999007
"1075","5.1164.A.1",33.5548311111111,695.330262485925
"1076","5.1168.A.1",13.4040941111111,319.441654668
"1077","5.1201.A.1",35.1296805555556,1315.680862893
"1078","5.1202.A.1",11.3861085555556,245.169347891782
"1079","5.1207.A.1",18.4836841111111,483.265142757257
"1080","5.1225.A.1",55.0859588888889,2248.5410360023
"1081","5.123.A.1",14.6829555555556,229.89047335496
"1082","5.1243.A.4",42.117129,599.412883449209
"1083","5.1251.A.1",31.0306425555556,666.045752957016
"1084","5.1256.A.4",20.1436628888889,418.47139703629
"1085","5.1266.A.1",33.1732892222222,599.837296630788
"1086","5.1271.A.1",59.6960427777778,651.332762662299
"1087","5.1280.A.1",12.2055,100.161510852499
"1088","5.1285.A.1",42.9639355555556,288.035079231199
"1089","5.1287.A.1",17.2466411111111,324.53461284694
"1090","5.1288.A.1",43.8534845555556,1050.28115334598
"1091","5.1295.A.1",10.2999805555556,343.067321775863
"1092","5.1297.A.1",26.3940426666667,248.564653344409
"1093","5.130.A.1",14.5710548888889,266.81442015228
"1094","5.1322.A.1",26.3205464444444,615.964997530766
"1095","5.1332.A.1",33.8826618888889,352.68735389164
"1096","5.1338.A.1",12.7830694444444,626.009442828122
"1097","5.1343.A.1",23.9706948888889,791.672054704219
"1098","5.135.A.1",11.3158537777778,118.269806599844
"1099","5.1350.A.1",13.9781027777778,756.870173814791
"1100","5.1353.A.1",10.8472944444444,498.685488354605
"1101","5.1358.A.1",10.9819027777778,399.655745986315
"1102","5.1361.A.1",11.6047158888889,724.614772014834
"1103","5.1370.A.1",22.846064,276.575923328583
"1104","5.1373.A.1",14.4535555555556,919.56189341984
"1105","5.1375.A.1",24.9291785555556,1154.54532495374
"1106","5.138.A.1",16.3520911111111,143.734597494547
"1107","5.144.A.1",10.0004277777778,145.007837039282
"1108","5.158.A.4",10.0039666666667,155.618166578742
"1109","5.162.A.1",15.2960166666667,290.015674078565
"1110","5.163.A.1",14.4061608888889,232.578423504956
"1111","5.172.A.1",20.669385,700.564691725392
"1112","5.2001.1.1",14.8776075555556,65.0766878420194
"1113","5.2067.A.1",11.7384768888889,100.161510852499
"1114","5.2083.1.4",17.6856107777778,796.482070762107
"1115","5.2087.A.1",18.258096,117.703922357739
"1116","5.2216.A.1",16.2707528888889,92.2391314630362
"1117","5.2246.A.1",11.009477,360.326791160051
"1118","5.2269.A.1",39.9346176666667,504.485801836177
"1119","5.2280.A.1",14.4886194444444,838.216033617315
"1120","5.2286.A.1",10.773022,452.282980502035
"1121","5.2290.A.1",11.435852,513.539949709849
"1122","5.2325.A.1",12.480825,1050.42262440651
"1123","5.2364.A.1",23.6821154444444,438.135874449422
"1124","5.2398.A.4",25.0300205555556,960.022616730313
"1125","5.2410.A.1",12.7724075555556,254.930851068085
"1126","5.2422.A.1",12.3333328888889,268.370601818067
"1127","5.2425.A.1",13.7594543333333,96.9076764603985
"1128","5.2432.A.1",13.0847277777778,229.89047335496
"1129","5.246.A.1",14.7215551111111,259.740867125973
"1130","5.2484.A.1",33.5426277777778,682.597867038573
"1131","5.2499.A.1",45.4873472222222,1573.86554835319
"1132","5.2510.A.1",20.0213453333333,247.149942739148
"1133","5.2528.A.1",25.1975534444444,1070.79445712227
"1134","5.2532.A.1",34.3911624444444,676.231669314898
"1135","5.2538.A.1",65.6769717777778,477.747771396738
"1136","5.2554.A.1",23.490225,1987.66840039212
"1137","5.2560.A.1",26.3496493333333,90.5414787367227
"1138","5.2561.A.1",18.3999288888889,252.950256220719
"1139","5.2570.A.1",30.6517752222222,336.135239810083
"1140","5.2574.A.1",17.2022862222222,355.516775102163
"1141","5.2578.A.1",22.0649822222222,265.541180607545
"1142","5.2581.A.1",40.4999331111111,363.156212370574
"1143","5.2582.A.1",16.4104906666667,233.710191989165
"1144","5.2585.A.1",30.7095083333333,838.216033617315
"1145","5.2589.A.4",17.6353255555556,557.961862715053
"1146","5.2592.A.1",15.3933046666667,985.911820806594
"1147","5.2605.A.1",11.8322111111111,353.677651315323
"1148","5.2609.A.1",22.2032287777778,362.590328128469
"1149","5.263.A.1",11.6591583333333,838.216033617315
"1150","5.2641.1.1",27.3315593333333,239.510505470737
"1151","5.2641.A.1",50.9503284444444,192.96652655764
"1152","5.2720.N.N",12.52046,35.6507072525846
"1153","5.2736.N.N",10.0419631111111,117.420980236687
"1154","5.2752.N.N",10.1501137777778,86.0144047998865
"1155","5.392.A.1",12.1585653333333,96.2003211577678
"1156","5.418.A.1",17.58265,916.025116906686
"1157","5.440.A.1",17.0029493333333,421.583760367865
"1158","5.444.A.1",43.8176133333333,583.143711488705
"1159","5.508.A.1",23.361814,283.649476354889
"1160","5.513.A.1",37.7297975555556,423.564355215231
"1161","5.517.A.1",41.1526771111111,405.31458840736
"1162","5.539.A.1",20.489308,91.6732472209317
"1163","5.543.A.1",19.5281524444444,208.952756397093
"1164","5.549.A.1",14.726368,71.3014145051691
"1165","5.552.A.1",17.5566906666667,162.974661726101
"1166","5.553.A.1",21.1124152222222,242.339926681259
"1167","5.554.A.1",31.9480551111111,726.878308983252
"1168","5.558.A.1",10.732516,54.8907714841381
"1169","5.566.A.1",39.8114577777778,440.39941141784
"1170","5.568.A.1",27.5879008888889,251.677016675984
"1171","5.59.A.1",11.2292533333333,83.184983589364
"1172","5.6.A.1",14.4764626666667,197.635071555002
"1173","5.608.A.1",13.8477937777778,675.099900830689
"1174","5.61.A.1",12.6072302222222,86.0144047998865
"1175","5.611.A.1",23.0589044444444,503.354033351968
"1176","5.612.A.1",15.0964638888889,381.971863420549
"1177","5.614.A.1",18.7511055555556,537.165616817712
"1178","5.626.A.1",32.1324646666667,1326.99854773509
"1179","5.64.A.1",16.0053893333333,280.112699841736
"1180","5.672.A.1",17.8447433333333,614.550286925505
"1181","5.696.A.4",15.4215374444444,377.16184736266
"1182","5.697.A.1",29.8643111111111,452.707393683613
"1183","5.71.A.1",28.7097512222222,446.62413808099
"1184","5.716.A.1",24.4039058888889,369.380939033723
"1185","5.760.A.1",19.7489893333333,131.5680862893
"1186","5.791.A.1",23.3821688888889,728.151548527987
"1187","5.799.A.1",17.1082277777778,1216.65112052471
"1188","5.801.A.1",15.506672,40.7436654315252
"1189","5.802.A.1",32.376591,403.47546462052
"1190","5.806.A.4",12.3659,413.378438857349
"1191","5.808.A.4",50.3714368888889,361.034146462682
"1192","5.815.A.1",20.7581106666667,120.533343568262
"1193","5.816.1.1",26.4625163333333,253.65761152335
"1194","5.819.A.1",33.6161295555556,295.250103318032
"1195","5.820.A.1",26.3796806666667,242.339926681259
"1196","5.827.A.1",46.2571897777778,185.185618228703
"1197","5.833.A.4",25.3963946666667,324.817554967993
"1198","5.834.A.1",18.2588782222222,120.533343568262
"1199","5.835.A.1",37.9394744444444,512.266710165114
"1200","5.836.A.1",22.7259368888889,176.697354597135
"1201","5.840.A.1",21.8895621111111,687.266412035936
"1202","5.846.A.1",30.6639833333333,964.691161727675
"1203","5.854.A.1",11.710939,81.6288019235765
"1204","5.855.A.1",23.929952,83.184983589364
"1205","5.867.A.1",20.120283,226.212225781281
"1206","5.912.A.1",11.8221111111111,344.623503441651
"1207","5.917.A.1",14.091439,339.106132081132
"1208","5.919.A.1",13.3625115555556,154.344927034007
"1209","5.925.A.1",11.1478588888889,211.782177607615
"1210","5.926.A.4",10.922825,290.298616199617
"1211","5.94.A.1",10.5570506666667,127.606896594569
"1212","5.942.A.1",16.8659866666667,106.386237515649
"1213","5.946.A.1",32.2168983333333,517.359668344054
"1214","5.955.A.1",13.8015547777778,355.23383298111
"1215","5.970.A.1",22.7158248888889,192.400642315536
"1216","5.99.A.1",13.823544,151.656976884011
"1217","5.993.A.1",21.4822521111111,710.043252780642
"1218","5.997.A.1",39.2705413333333,514.105833951954
"1219","5.998.A.1",45.1684707777778,333.588760720613
"1220","9.1.A.1",21.0361208888889,303.596895889073
"1221","9.10.A.1",24.0724333333333,70.1696460209601
"1222","9.1009.A.1",23.680875,2992.11293012763
"1223","9.1014.A.1",23.9278916666667,1807.2927982213
"1224","9.1016.A.1",49.692925,1701.1895028267
"1225","9.1020.A.1",78.9958271111111,698.301154756974
"1226","9.1026.A.1",10.4901903333333,324.959026028519
"1227","9.1031.A.4",23.94825,2801.12699841736
"1228","9.1041.A.1",28.3273694444444,608.325560262356
"1229","9.107.A.1",53.6612222222222,1460.68869993228
"1230","9.108.A.1",22.4726674444444,595.310222693952
"1231","9.1082.A.1",57.9327505555556,1893.73161620277
"1232","9.1086.A.1",12.984025,1750.70437401085
"1233","9.1087.A.1",19.5201126666667,958.042021882947
"1234","9.11.A.1",26.5980681111111,432.477032028377
"1235","9.110.A.1",30.4898538888889,1175.76598403266
"1236","9.1129.A.1",11.402075,986.760647169751
"1237","9.1132.A.1",17.5352,2196.33821466816
"1238","9.1135.A.1",33.9309138888889,1991.20517690527
"1239","9.1147.A.1",16.4109675555556,1207.59697265104
"1240","9.1154.A.1",31.5099888888889,1336.90152197192
"1241","9.1156.A.1",20.008152,222.675449268127
"1242","9.1159.A.1",27.156012,172.594693841878
"1243","9.1160.A.1",28.7398833333333,1450.07837039282
"1244","9.1163.A.1",28.9603027777778,451.71709625993
"1245","9.1165.A.1",24.357785,933.143115230348
"1246","9.1167.A.1",35.9526145555556,1026.37254411707
"1247","9.118.A.1",21.28844,553.293317717691
"1248","9.1188.A.1",10.83425,954.929658551372
"1249","9.1200.A.1",11.144872,1660.30436633465
"1250","9.121.A.1",10.7072083333333,661.377207959654
"1251","9.1213.A.4",33.3853527777778,866.510245722541
"1252","9.1215.A.1",17.8133638888889,696.744973091186
"1253","9.1226.A.4",37.572475,1761.31470355031
"1254","9.1227.A.1",37.2535388888889,1241.40855611678
"1255","9.1228.A.4",27.1774306666667,461.337128375707
"1256","9.1231.A.1",42.4203638888889,1676.43206723463
"1257","9.1236.A.1",38.6446916666667,785.164385920017
"1258","9.1238.A.1",25.1250804444444,446.765609141516
"1259","9.1241.A.1",37.2421805555556,951.392882038219
"1260","9.125.A.1",20.8695748888889,512.266710165114
"1261","9.1252.A.1",16.9361833333333,353.677651315323
"1262","9.1256.A.1",29.7423,788.70116243317
"1263","9.126.A.1",15.6858378888889,331.183752691668
"1264","9.1267.A.1",22.6639388888889,753.333397301638
"1265","9.1271.A.1",32.9515194444444,891.267681314614
"1266","9.1272.A.1",13.4332827777778,602.808188901837
"1267","9.1276.A.1",13.9900722222222,668.45076098596
"1268","9.1277.A.1",31.5502797777778,991.429192167113
"1269","9.1278.A.1",30.0924361111111,1046.88584789336
"1270","9.128.A.1",28.4691983333333,689.529949004354
"1271","9.1284.A.1",32.4748472222222,1220.18789703786
"1272","9.1290.A.1",26.8757194444444,528.535882125619
"1273","9.1292.A.1",24.0950942222222,475.059821246742
"1274","9.1295.A.1",28.5870296666667,1018.87457790918
"1275","9.1299.A.1",32.7331847777778,389.752771749486
"1276","9.1303.A.1",27.1105027777778,848.826363156775
"1277","9.131.1.1",35.259262,1006.0007114013
"1278","9.132.A.1",24.0918217777778,531.506774396667
"1279","9.133.1.1",27.4008422222222,1215.37788097998
"1280","9.1339.A.1",27.6258623333333,394.138374625796
"1281","9.1340.A.1",39.2820255555556,1317.23704455879
"1282","9.1347.A.1",34.2623888888889,1503.13001809012
"1283","9.135.A.1",11.5398666666667,1128.23170769588
"1284","9.1357.A.1",33.7361868888889,551.312722870326
"1285","9.1358.A.1",23.318035,467.986268220435
"1286","9.1364.A.4",32.1586087777778,906.970969033014
"1287","9.1371.A.1",38.0256444444444,997.370976709211
"1288","9.1374.A.4",31.9005222222222,640.156548880735
"1289","9.138.A.1",13.2231875555556,59.9837296630788
"1290","9.1389.A.1",37.2601305555556,1319.21763940615
"1291","9.1390.A.1",24.4278416666667,1015.05485927498
"1292","9.1393.A.1",33.9258638888889,450.160914594143
"1293","9.1400.A.1",20.3628833333333,848.826363156775
"1294","9.1410.A.1",35.694962,523.867337128256
"1295","9.142.A.1",19.5665353333333,1182.83953705897
"1296","9.1422.A.1",28.8331143333333,1750.27996082927
"1297","9.1423.A.1",55.877505,2848.66127475414
"1298","9.1424.A.1",74.9284171111111,2545.63026310717
"1299","9.1451.A.1",58.1160888888889,2270.61052144437
"1300","9.1478.A.1",18.60595,1015.05485927498
"1301","9.149.A.1",35.8178666666667,1426.87711646654
"1302","9.1491.A.1",18.0337722222222,615.399113288662
"1303","9.1506.A.4",39.3535428888889,938.801957651393
"1304","9.152.A.1",12.7697288888889,258.892040762816
"1305","9.1538.A.1",14.1540297777778,427.101131728384
"1306","9.154.A.1",15.933875,1432.39448782706
"1307","9.1544.A.1",43.0369694444444,641.288317364944
"1308","9.1545.A.1",10.852544,30.5577490736439
"1309","9.1549.A.1",15.870405,473.503639580954
"1310","9.155.A.1",23.7469361111111,1319.21763940615
"1311","9.159.A.1",41.3193334444444,714.711797778005
"1312","9.1590.A.1",24.7096138888889,2281.22085098383
"1313","9.1596.A.1",41.5073422222222,440.823824599419
"1314","9.1597.A.1",16.2555083333333,997.370976709211
"1315","9.1603.A.1",14.2091918888889,257.760272278607
"1316","9.1627.A.1",42.90954,1507.79856308748
"1317","9.1640.A.1",37.2629472222222,1817.90312776076
"1318","9.1648.A.1",20.8315597777778,609.881741928143
"1319","9.1652.A.4",22.045258,609.457328746564
"1320","9.1669.A.1",25.5117894444444,961.5787983961
"1321","9.167.A.1",48.7661395555556,1080.55596029857
"1322","9.1684.A.1",16.212725,2132.6762374314
"1323","9.1707.A.1",12.21015,1336.90152197192
"1324","9.1710.A.1",11.2602611111111,523.442923946678
"1325","9.1716.A.1",14.2170006666667,1048.01761637756
"1326","9.1717.A.1",21.6582638888889,1414.71060526129
"1327","9.1718.A.1",18.6790888888889,505.759041380912
"1328","9.1719.A.1",25.5941555555556,753.333397301638
"1329","9.172.A.1",39.1950166666667,1902.78576407644
"1330","9.1724.A.1",20.2888666666667,1647.71344194783
"1331","9.1728.A.1",10.7913416666667,714.428855656952
"1332","9.1730.A.1",15.2609611111111,870.047022235694
"1333","9.1745.A.1",43.6759527777778,1764.85148006346
"1334","9.1753.A.1",22.2666191111111,1165.1556544932
"1335","9.176.A.1",10.7347777777778,820.532151051549
"1336","9.1768.A.1",17.5191086666667,1371.4204607403
"1337","9.1769.A.1",11.697975,1432.39448782706
"1338","9.177.A.1",35.4400091111111,1721.13692236089
"1339","9.1800.A.1",16.9696694444444,1619.84364302418
"1340","9.1817.A.4",22.0071388888889,679.06109052542
"1341","9.1825.A.1",17.4262472222222,519.906147433525
"1342","9.1826.A.1",14.7207694444444,848.826363156775
"1343","9.1830.A.1",17.3337,691.227601730667
"1344","9.1835.A.1",12.2715166666667,1078.71683651173
"1345","9.1844.A.1",13.208275,947.856105525066
"1346","9.1845.A.4",19.7359946666667,696.320559909608
"1347","9.1865.A.1",13.3375818888889,326.515207694306
"1348","9.1871.A.1",41.7750224444444,544.380640904545
"1349","9.1875.A.1",21.5601204444444,111.47919569459
"1350","9.1884.A.1",34.1770353333333,740.742472914812
"1351","9.1885.A.1",66.1186326666667,137.79281295245
"1352","9.1888.A.1",15.9905944444444,477.464829275686
"1353","9.1912.A.1",38.6460964444444,566.8745395282
"1354","9.1913.A.1",22.1251051111111,614.125873743927
"1355","9.1929.A.1",31.97996,204.850095641835
"1356","9.1939.A.1",50.7274577777778,940.641081438233
"1357","9.196.A.1",36.3286645555556,666.753108259647
"1358","9.1984.A.1",48.3304694444444,2157.43367302347
"1359","9.1986.A.1",35.1282582222222,1292.76255108777
"1360","9.1992.A.1",38.398796,152.78874536822
"1361","9.1998.A.1",38.6735944444444,1474.8358059849
"1362","9.200.A.1",13.3736666666667,346.604098289017
"1363","9.2008.A.1",32.8939191111111,186.317386712912
"1364","9.2027.A.1",11.0404722222222,760.406950327944
"1365","9.2029.A.1",25.2968166666667,1450.07837039282
"1366","9.2031.A.1",11.3269777777778,657.840431446501
"1367","9.2033.A.1",11.0059694444444,979.687094143445
"1368","9.2034.A.1",10.0706166666667,778.090832893711
"1369","9.2039.A.1",10.3366055555556,799.31149197263
"1370","9.2041.A.1",14.8282527777778,1842.66056335283
"1371","9.2043.A.1",12.6328027777778,548.200359538751
"1372","9.2046.A.1",19.7624754444444,344.906445562703
"1373","9.205.A.1",10.5859694444444,597.715230722896
"1374","9.206.A.1",21.4292047777778,689.247006883301
"1375","9.207.A.1",22.7593673333333,899.897416006708
"1376","9.2077.A.1",13.3823,1846.19733986599
"1377","9.209.A.1",19.0196611111111,1135.30526072219
"1378","9.2103.A.1",15.6410472222222,1043.3490713802
"1379","9.2109.A.1",11.7343583333333,562.347465591364
"1380","9.2126.A.1",14.1707027777778,799.31149197263
"1381","9.2146.A.1",27.7912004444444,289.166847715408
"1382","9.2161.A.4",23.3309506666667,440.116469296788
"1383","9.217.A.1",35.423245,1066.12591212491
"1384","9.2179.A.1",30.2995153333333,1040.94406335126
"1385","9.2183.A.1",23.8902328888889,863.680824512019
"1386","9.220.A.1",18.1585841111111,265.541180607545
"1387","9.2210.A.1",24.2022972222222,601.252007236049
"1388","9.2215.A.1",28.4009188888889,1137.99321087218
"1389","9.2218.A.1",31.7152084444444,1815.92253291339
"1390","9.2222.A.1",15.0353466666667,989.873010501326
"1391","9.2225.A.1",12.5713833333333,498.685488354605
"1392","9.2226.A.1",32.2284457777778,741.025415035865
"1393","9.2227.A.1",10.8100293333333,222.392507147075
"1394","9.2234.A.1",10.3562527777778,173.302049144508
"1395","9.2235.A.1",39.1603786666667,722.634177167468
"1396","9.2242.A.1",12.4526166666667,304.162780131178
"1397","9.2243.A.1",40.1011481111111,947.007279161909
"1398","9.2247.A.1",57.0764524444444,695.330262485925
"1399","9.2249.A.1",40.2395297777778,492.31929063093
"1400","9.2255.A.1",15.7940978888889,477.747771396738
"1401","9.2259.A.1",39.2204041111111,409.983133404722
"1402","9.2265.A.1",10.3258628888889,457.800351862554
"1403","9.2269.A.1",15.3397566666667,302.182185283812
"1404","9.2270.A.1",36.0627345555556,727.727135346409
"1405","9.2272.A.1",26.5147722222222,1143.5105822327
"1406","9.229.A.1",32.2539617777778,1518.83330580852
"1407","9.2293.A.1",51.6896525555556,893.389747222506
"1408","9.2295.A.1",29.4432004444444,1257.39478595624
"1409","9.2303.A.1",35.3308851111111,323.261373302205
"1410","9.2306.A.1",16.3052644444444,1288.94283245356
"1411","9.2308.A.1",43.3180394444444,1695.38918934513
"1412","9.2315.A.1",25.8449193333333,1575.42173001897
"1413","9.2331.A.1",24.3518916666667,2496.96421828618
"1414","9.2340.A.1",21.8737223333333,709.901781720116
"1415","9.2348.A.1",17.1360228888889,224.656044115493
"1416","9.2356.A.1",71.8090591111111,150.525208399801
"1417","9.2360.A.1",39.8739191111111,512.974065467744
"1418","9.2367.A.1",16.1567706666667,130.294846744565
"1419","9.2369.A.1",16.8597888888889,1121.15815466957
"1420","9.2370.A.1",25.5388253333333,550.463896507169
"1421","9.2373.A.1",26.8254464444444,620.067658286024
"1422","9.2379.A.1",28.2165431111111,504.768743957229
"1423","9.2380.A.1",26.636564,1265.60010746675
"1424","9.2381.A.1",28.1296555555556,1711.79983236616
"1425","9.2384.A.1",30.1428335555556,1055.37411152492
"1426","9.2385.A.1",29.87878,153.354629610324
"1427","9.2397.A.1",31.9377168888889,310.67044891538
"1428","9.2400.A.1",37.1158263333333,399.08986174421
"1429","9.2421.A.1",26.2268957777778,289.874203018039
"1430","9.2422.A.1",38.7885653333333,582.294885125548
"1431","9.2423.A.1",37.34964,905.273316306701
"1432","9.2438.A.1",41.5392384444444,402.485167196838
"1433","9.2443.A.1",39.4310502222222,1354.44393347716
"1434","9.2453.A.1",40.6810727777778,358.063254191633
"1435","9.2457.A.1",24.1813111111111,527.687055762462
"1436","9.2460.A.1",33.0275093333333,1096.25924801698
"1437","9.2468.A.1",33.1128472222222,336.98406617324
"1438","9.2490.A.1",16.8395388888889,1573.86554835319
"1439","9.2493.A.1",13.8726916666667,947.856105525066
"1440","9.2495.A.1",11.7723725555556,652.323060085982
"1441","9.2499.A.1",15.5302722222222,884.194128288307
"1442","9.2500.A.1",17.6818666666667,1421.7841582876
"1443","9.2501.A.1",13.9625277777778,1443.00481736652
"1444","9.2505.A.1",11.1757955555556,404.748704165256
"1445","9.2506.A.1",13.2469733333333,433.042916270481
"1446","9.2510.A.1",20.1832955555556,200.323021704999
"1447","9.2520.A.1",15.1336722222222,360.751204341629
"1448","9.2528.A.1",15.0427277777778,314.773109670637
"1449","9.2533.A.1",18.3806003333333,595.310222693952
"1450","9.2553.A.1",13.1058604444444,644.825093878097
"1451","9.2556.A.1",36.1920943333333,783.466733193703
"1452","9.2560.A.1",15.9943705555556,749.372207606906
"1453","9.2563.A.1",13.1620333333333,240.50080289442
"1454","9.257.A.1",12.5172564444444,485.670150786201
"1455","9.2581.A.1",28.1774166666667,2638.43527881231
"1456","9.2591.A.1",17.3484751111111,672.694892801744
"1457","9.2594.A.1",23.1429632222222,1286.9622376062
"1458","9.2597.A.1",16.183665,645.249507059675
"1459","9.2602.A.1",35.3763333333333,670.006942651748
"1460","9.2603.A.1",11.8677555555556,268.795014999645
"1461","9.2605.A.1",12.1387944444444,417.339628552081
"1462","9.2608.A.1",12.4662781111111,381.54745023897
"1463","9.2609.A.1",35.9982223333333,1012.50838018551
"1464","9.2613.A.1",19.969366,853.070494972559
"1465","9.2614.A.1",30.6251088888889,205.981864126044
"1466","9.2620.A.1",16.2285421111111,768.61227183846
"1467","9.2621.A.1",11.0874833333333,657.840431446501
"1468","9.2642.A.1",11.1672775555556,635.770946004425
"1469","9.2644.A.1",21.9936658888889,1409.19323390077
"1470","9.2651.A.1",63.4445492222222,966.813227635567
"1471","9.2652.A.1",61.7650311111111,639.873606759682
"1472","9.2664.A.1",19.2526416666667,1333.36474545877
"1473","9.2674.A.1",15.9921888888889,165.804082936623
"1474","9.272.A.1",17.7342861111111,767.480503354251
"1475","9.281.A.1",10.467325,1018.59163578813
"1476","9.282.A.1",35.5881174444444,1649.69403679519
"1477","9.289.A.1",39.0967182222222,804.262979091044
"1478","9.290.A.1",32.620416,938.377544469815
"1479","9.292.A.1",22.7802895555556,1023.68459396707
"1480","9.296.A.4",10.383102,62.388737692023
"1481","9.298.A.1",34.4659137777778,419.603165520499
"1482","9.3012.A.1",26.1484916666667,2447.44934710204
"1483","9.3026.A.1",21.3949527777778,1372.26928710345
"1484","9.303.A.1",31.1500115555556,295.250103318032
"1485","9.3032.A.1",11.2954444444444,721.502408683259
"1486","9.3036.A.1",30.9991323333333,789.832930917379
"1487","9.3062.A.1",23.3263694444444,1198.96723795894
"1488","9.3066.A.1",31.9812166666667,2765.75923328583
"1489","9.3068.A.1",11.2009,1623.38041953733
"1490","9.307.A.1",34.7982764444444,805.111805454201
"1491","9.3078.A.1",20.2785472222222,1778.99858611607
"1492","9.3086.A.1",13.2107,512.832594407218
"1493","9.309.A.1",44.5195062222222,876.130277838318
"1494","9.3104.A.1",34.6078462222222,908.102737517223
"1495","9.3118.A.1",24.7524142222222,121.665112052471
"1496","9.312.A.1",28.9695505555556,515.379073496689
"1497","9.3128.A.1",25.8046573333333,745.835431093753
"1498","9.313.A.1",47.4953751111111,812.46830060156
"1499","9.3136.A.1",12.778315,1092.43952938277
"1500","9.3171.A.1",15.0165,445.633840657307
"1501","9.3179.A.4C",11.01675,1018.59163578813
"1502","9.3187.A.1",19.11058,1692.13535495303
"1503","9.320.A.1",14.9522694444444,1269.70276822201
"1504","9.3202.A.4",25.861725,2578.3100780887
"1505","9.321.A.1",11.4478457777778,291.147442562774
"1506","9.3219.A.1",52.6043083333333,1096.4007190775
"1507","9.3221.A.1",11.579313,901.453597672495
"1508","9.3227.A.1",23.3296335555556,375.605665696873
"1509","9.3231.A.1",30.535804,344.906445562703
"1510","9.325.A.1",27.9549405555556,1067.6820937907
"1511","9.327.A.1",21.2282546666667,735.225101554293
"1512","9.3274.A.1",20.48265,1061.03295394597
"1513","9.3279.A.1",36.4570165555556,424.69612369944
"1514","9.3282.A.1",24.0037643333333,1137.14438450903
"1515","9.3298.A.1",35.7289128888889,135.812218105084
"1516","9.3303.A.1",15.071825,1305.07053335354
"1517","9.3320.A.1",28.0033982222222,353.536180254797
"1518","9.3334.A.1",12.1140754444444,988.316828835538
"1519","9.334.A.1",14.56034,720.653582320102
"1520","9.3340.A.1",19.732925,1542.03455973481
"1521","9.336.A.1",25.60785,2196.33821466816
"1522","9.3361.A.1",22.6338421111111,578.758108612394
"1523","9.3374.A.1",22.8501794444444,876.271748898844
"1524","9.3383.A.1",25.0197277777778,576.494571643976
"1525","9.3388.A.1",11.64735,1573.86554835319
"1526","9.3400.A.1",18.0865638888889,450.302385654669
"1527","9.342.A.1",22.432425,2705.63403256222
"1528","9.3438.A.1",41.1407366666667,692.21789915435
"1529","9.3447.A.1",11.5287271111111,317.885473002212
"1530","9.3448.A.1",33.0137486666667,552.868904536113
"1531","9.3449.A.1",17.7507843333333,379.991268573183
"1532","9.3461.A.1",14.2334718888889,609.881741928143
"1533","9.3463.A.1",17.8759916666667,686.134643551727
"1534","9.347.A.1",27.0142804444444,217.865433210239
"1535","9.3477.A.1",17.2439235555556,632.65858267285
"1536","9.3495.A.1",10.3487391111111,58.8519611788697
"1537","9.350.A.1",14.3911413333333,118.552748720896
"1538","9.3512.A.1",20.5789388888889,2160.97044953662
"1539","9.3516.A.1",18.846284,621.482368891286
"1540","9.3522.A.1",46.9763263333333,538.014443180869
"1541","9.3533.A.1",10.9032195555556,149.676382036645
"1542","9.355.A.1",25.5706194444444,530.516476972984
"1543","9.3563.N.N",15.970075,488.075158815146
"1544","9.3572.N.N",42.046592,939.084899772446
"1545","9.3581.N.N",15.1104091111111,908.527150698802
"1546","9.3591.N.N",15.3631832222222,1016.61104094076
"1547","9.3593.N.N",13.4084666666667,470.39127624938
"1548","9.3602.N.N",33.2717288888889,1216.22670734313
"1549","9.3604.N.N",21.439475,318.309886183791
"1550","9.3606.N.N",12.862446,1246.50151429572
"1551","9.3610.N.N",26.3852128888889,292.986566349614
"1552","9.3614.N.N",12.2796902222222,198.766840039212
"1553","9.3615.N.N",17.7758,1397.02672269553
"1554","9.3625.N.N",30.0108027777778,1188.35690841949
"1555","9.364.A.1",34.5507138888889,852.363139669928
"1556","9.3640.N.N",10.6335,1305.07053335354
"1557","9.3655.N.N",20.4552277777778,1605.69653697157
"1558","9.3670.N.N",21.1296444444444,954.929658551372
"1559","9.3671.N.N",39.9339361111111,1114.08460164327
"1560","9.3672.N.N",10.9527966666667,464.873904888861
"1561","9.3676.N.N",33.8153348888889,1492.80263067172
"1562","9.3678.N.N",25.0298277777778,717.965632170106
"1563","9.3685.N.N",16.07398,561.498639228207
"1564","9.3694.N.N",14.8128333333333,1987.66840039212
"1565","9.3717.N.N",16.2154666666667,1191.89368493264
"1566","9.3724.N.N",43.1926083333333,1351.04862802453
"1567","9.402.A.1",13.2266525555556,829.161885743643
"1568","9.404.A.1",31.0270897777778,1288.80136139304
"1569","9.408.A.1",20.3129792222222,457.375938680976
"1570","9.409.A.1",20.1741083333333,1810.82957473445
"1571","9.419.A.1",11.4094898888889,538.7217984835
"1572","9.431.A.1",19.4883611111111,1488.98291203751
"1573","9.448.A.1",28.0187322222222,805.819160756832
"1574","9.455.A.1",31.1457768888889,1555.75725260584
"1575","9.464.A.1",19.3661333333333,969.076764603985
"1576","9.465.A.1",28.2072288888889,809.072995148933
"1577","9.469.A.1",18.0711171111111,412.529612494193
"1578","9.472.A.1",12.0822868888889,606.34496541499
"1579","9.475.A.1",21.4648582222222,949.695229311905
"1580","9.503.A.1",20.933294,394.845729928427
"1581","9.511.A.1",16.4046657777778,673.543719164901
"1582","9.514.A.1",28.1476941111111,712.023847628008
"1583","9.517.A.1",10.5457954444444,379.991268573183
"1584","9.520.A.1",26.3579722222222,396.118969473162
"1585","9.532.A.1",18.2099,735.649514735872
"1586","9.546.A.1",12.749025,771.017279867404
"1587","9.556.A.1",23.2874695555556,603.939957386046
"1588","9.577.A.1",17.4469167777778,609.881741928143
"1589","9.579.A.1",12.9253927777778,291.571855744352
"1590","9.580.A.1",30.0015361111111,1835.58701032653
"1591","9.585.A.1",103.601537333333,1466.2060712928
"1592","9.586.A.1",38.5557881111111,766.631676991094
"1593","9.602.A.1",21.0477297777778,790.257344098958
"1594","9.604.A.1",15.7334825555556,694.76437824382
"1595","9.605.A.1",16.70765,1750.70437401085
"1596","9.607.A.1",19.5356611111111,901.878010854074
"1597","9.608.A.1",27.8334805555556,1259.09243868255
"1598","9.63.A.1",33.9685796666667,424.130239457335
"1599","9.644.A.1",24.5975061111111,1602.44270257947
"1600","9.646.A.1",16.6616944444444,1633.99074907679
"1601","9.658.A.1",23.684525,2114.99235486563
"1602","9.66.A.1",22.3614511111111,2367.6596689653
"1603","9.67.A.1",22.1192864444444,741.874241399021
"1604","9.675.A.1",21.915725,2578.3100780887
"1605","9.68.A.1",21.207282,602.808188901837
"1606","9.717.A.1",37.0920613333333,316.895175578529
"1607","9.719.A.1",44.5912825555556,1180.2930579695
"1608","9.721.A.1",16.350108,1532.98041186114
"1609","9.724.A.1",10.4048527777778,498.685488354605
"1610","9.728.A.1",25.0048222222222,1347.51185151138
"1611","9.730.A.1",47.4715075555556,1100.64485089329
"1612","9.731.A.1",38.8107948888889,676.373140375424
"1613","9.74.A.1",36.3279424444444,1787.91126292922
"1614","9.741.A.1",13.722037,758.001942299
"1615","9.747.A.1",10.9240244444444,100.161510852499
"1616","9.750.A.1",31.4863694444444,964.12527748557
"1617","9.76.A.1",22.4616527777778,1167.13624934057
"1618","9.760.A.1",11.8853305555556,887.730904801461
"1619","9.762.A.1",33.3460416666667,1743.63082098454
"1620","9.768.A.1",21.1210576666667,472.230400036219
"1621","9.77.A.4",20.998925,930.172222959299
"1622","9.774.A.1",22.274799,1993.89312705526
"1623","9.781.A.1",25.105517,1056.64735106966
"1624","9.795.A.1",17.3568938888889,778.373775014763
"1625","9.796.A.1",12.7399861111111,937.245775985606
"1626","9.805.A.1",15.6803694444444,1365.19573407715
"1627","9.806.A.1",12.3274888888889,901.878010854074
"1628","9.810.A.1",30.8966216666667,1252.16035671677
"1629","9.813.A.1",20.2160942222222,927.342801748777
"1630","9.814.A.1",19.7597861111111,335.427884507452
"1631","9.817.A.1",21.6649805555556,588.661082849224
"1632","9.828.A.1",10.0638166666667,629.546219341275
"1633","9.836.A.1",13.5629255555556,1166.71183615899
"1634","9.839.A.1",42.718125,1305.21200441407
"1635","9.842.A.1",28.5930194444444,1110.54782513011
"1636","9.853.A.1",20.7722548888889,643.268912212309
"1637","9.854.A.1",22.5891694444444,1506.66679460328
"1638","9.857.A.1",17.951594,1992.76135857106
"1639","9.86.A.1",31.6553617777778,328.354331481146
"1640","9.860.A.1",24.6773423333333,588.236669667645
"1641","9.866.A.1",43.4092888888889,2680.87659697015
"1642","9.867.A.1",17.054048,461.337128375707
"1643","9.876.A.1",28.7958447777778,878.25234374621
"1644","9.877.A.1",35.6639271111111,338.115834657449
"1645","9.887.A.1",33.2578761111111,471.09863155201
"1646","9.891.A.1",23.756392,1053.11057455651
"1647","9.896.A.1",40.1650008888889,2023.74352082628
"1648","9.897.A.1",41.0006134444444,495.007240780926
"1649","9.904.A.1",11.6943846666667,236.539613199688
"1650","9.908.A.1",21.8801,2100.84524881302
"1651","9.909.A.1",12.8240333333333,1428.8577113139
"1652","9.914.A.1",22.3747138888889,1764.85148006346
"1653","9.919.A.1",25.193168,298.22099558908
"1654","9.920.A.1",25.0444533333333,256.487032733872
"1655","9.938.A.1",17.5250806666667,1398.58290436131
"1656","9.94.A.1",26.468413,311.094862096958
"1657","9.940.A.1",24.8084944444444,1842.66056335283
"1658","9.943.A.1",26.6988111111111,728.575961709565
"1659","9.945.A.1",22.7956777777778,788.70116243317
"1660","9.954.A.1",11.8493944444444,696.744973091186
"1661","9.957.A.1",13.0198083333333,1160.06269631426
"1662","9.959.A.1",40.7572528888889,620.775013588655
"1663","9.960.A.1",48.6525527777778,2406.56421060998
"1664","9.961.A.1",33.1122202222222,1545.14692306638
"1665","9.963.A.1",13.3739861111111,615.399113288662
"1666","9.966.A.1",31.1903583333333,1352.60480969032
"1667","9.969.A.1",35.1716083333333,3176.0253088116
"1668","9.978.A.1",18.1954524444444,300.201590436446
"1669","9.983.A.1",27.7259517777778,835.386612406793
"1670","9.986.A.1",22.2084366666667,779.505543498972
"1671","9.988.A.1",19.957491,630.677987825484
"1672","9.990.A.4",11.5157,864.529650875175
"1673","9.995.A.1",27.6630944444444,1743.63082098454
