"","PLOT_ID","PlotID0","ID_SP1","ID_SP2","ID_SP3","G_sp_1","G_sp_2","G_sp_3","N_sp_1","N_sp_2","N_sp_3","X","Provincia","Estadillo","Cla","Subclase","Tipo","Vuelo1","Pasada1","Foto1","Vuelo2","Pasada2","Foto2","YEAR","Nivel1","Nivel2","Nivel3","FccTot","FccArb","DisEsp","ComEsp","Rocosidad","Textura","MatOrg","PhSuelo","TipSuelo1","TipSuelo2","TipSuelo3","MErosiva","ModComb","EspCMue","PresReg","EfecReg","CortaReg","MejVue1","MejVue2","MejSue1","MejSue2","Orienta1","Orienta2","MaxPend1","MaxPend2","Localiza","Acceso","Levanta","Obser","FechaIni","HoraIni","FechaFin","HoraFin","Origen","PlotID","INVENTORY_ID","PLOT_ID_short","Do","SUM_DBH","SUM_H","G","N","Deadwood","dbh_mean","h_mean","dg","Ho","slenderness","dominant_slenderness","SDI","S","S_staggered","Longitude","Latitude","period","tmin","tmax","tmean","prec","MARTONNE"
"51","34_323_A_1",34.323,26,21,28,24.3035907777778,12.1879083333333,1.380625,90.5414787367227,169.765272631355,14.1471060526129,35553,34,323,"A","1",0,1985,"K","0008",1997,"","2-3",2019,1,1,1,95,70,1,2,1,1,2,4,1,2,1,1,8,4,NA,NA,1,0,NA,0,NA,38,NA,2,NA,1,2,1,"PARCELA LOCALIZADA POR CROQUIS Y PIES IFN3.
NIVELES COMPROBADOS, ACTUALMENTE LA MASA ESTA NATURALIZADA Y NO SE APRECIA PLANTACION.
[ClaEsp. Resto de especies=10%]DEJO 10% PARA RESTO DE ESPECIES.
[Selvicultura]LAS PODAS SON MUY ANTIGUAS.
[Pies Mayores]PIE 5 MEDIDO CON CINTA, 2.5M DE PERIMETRO.
PIE 17 ESPECIE COMPROBADA. 
PIE 22 MEDIDO CON CINTA, 3.02M DE PERIMETRO.
PIE 27 MEDIDO CON CINTA, 2.3M DE PERIMETRO.","2019-04-12","2000-01-01","2019-04-12","2000-01-01",34,"34.323.A.1","IFN4","34_323",53.9886486486486,10727.2695180906,5037.61472767798,37.8721241111111,274.453857420691,0,39.0858762886598,18.3550516470103,41.9160376388347,19.68756748,46.9608293068659,36.4661238478559,629.065519208712,30.6600790845415,57.064837153058,-4.3081554831823,42.7863087368607,"2008_2021",5.72023809523809,16.9464285714286,11.3333333333333,636.214284113475,29.8225445678192
"52","34_324_A_1",34.324,26,21,25,16.284402,13.6503819444444,0.7569,117.703922357739,247.574355920726,31.8309886183791,35554,34,324,"A","1",0,1985,"K","0008",1997,"","2-3",2019,1,1,2,100,75,1,2,1,1,2,4,1,2,1,1,9,3,NA,NA,1,4,NA,0,NA,172,NA,2.5,NA,2,2,1,"PARCELA LOCALIZADA POR CROQUIS Y PIES IFN3. 
FRACCIONES COMPROBADAS.
[ClaEsp. Resto de especies=10%]DEJO 10% PARA RESTO DE ESPECIES. 
[Pies Mayores]FUERA DE 25M SE OBSERVAN ACABALLONADOS.","2019-04-22","2000-01-01","2019-04-22","2000-01-01",34,"34.324.A.1","IFN4","34_324",42.7387978142077,12335.5408283637,6262.78239738834,31.1339089444444,428.940255515224,0,28.7581794195251,14.6005937117414,30.3999928666583,16.3306011256831,50.7702295710295,38.210249143354,587.103987950264,29.5664665468362,55.0293948699309,-4.29593279624746,42.7864477313039,"2008_2021",5.72023809523809,16.9464285714286,11.3333333333333,636.214284113475,29.8225445678192
"73","34_542_A_1",34.542,21,26,NA,13.9089666666667,7.08107366666667,NA,212.206590789194,66.774340568333,NA,35657,34,542,"A","1",0,1985,"L","0009",1997,"","3-1",2019,1,1,2,100,70,1,2,1,2,2,4,1,2,1,1,5,3,NA,NA,1,0,0,0,0,165,NA,2,NA,2,2,1,"PARCELA LOCALIZADA MEDIANTE ORTOFOTO, FOTOGRAFIA Y PIES MAYORES IFN3. NO VOY A DAR SUBPISO YA QUE EL REBOLLO SALE PRINCIPALMENTE EN CLAROS Y FORMADO GRUPOS.
[Riesgos] ESPESOR CAPA MUERTA COMPROBADA 
[Localización] SE MODIFICAN GRADOS EN FOTO PARA QUE COINCIDA CON LA FOTOGRAFIA REALIZADA EN IFN3.
[Pies Mayores]
PIE 5 BIFURCACION COMPROBADA 
021 A 173 GRS Y 13.8 MTS NO POR DIAMETRO (220-220)
026 A 247 GRS Y 15.1 MTS NO POR DISTANCIA (331-335)
043 A 276 GRS Y 9.4 MTS NO POR DIAMETRO (115-123)
026 A 366 GRS Y 15.7 MTS O POR DIAMETRO (412-426)
EL DANO POR HONGO ES DEBIDO AI FUSSARIUM Y POR INSECTO A PROCESIONARIA.","2019-04-29","2000-01-01","2019-04-29","2000-01-01",34,"34.542.A.1","IFN4","34_542",35.5966321243523,8509.56917328299,3335.49150476047,20.9900403333333,278.980931357527,0,30.5023326572008,11.9559838320487,30.9509822334775,12.8979275761658,39.1969491855443,36.2335614535345,393.01875504115,46.4186821145375,86.3949022578086,-4.44978856492874,42.5684807936462,"2008_2021",5.88690476190476,17.297619047619,11.5922619047619,536.235716513225,24.8346245001301
"76","37_1024_A_1",37.1024,21,26,NA,15.1911932222222,4.791784,NA,98.4638581261859,10.1859163578813,NA,39752,37,1024,"A","1",0,1884,"M","0003",1997,"","3-3",2018,1,1,2,100,70,1,1,1,2,1,4,1,2,1,1,5,5,NA,NA,1,0,0,0,0,310,NA,1.75,NA,2,2,2,"[Pies Mayores]PIE 1 BIFURCADO A 7.0METROS
PIE 2 MEDIDO CON CINTA(255M) Y DISTANCIA COMPROCADA
A 22.9M Y 147G UN 021 NO ENTRA POR DIAMETRO
PIE 11 MEDIDO CON CONTA(231M)
PIE 16 DISTANCIA COMPROBADA","2018-10-26","2000-01-01","2018-10-26","2000-01-01",37,"37.1024.A.1","IFN4","37_1024",46.5986979166667,5062.93801989701,2500.35952373881,19.9829772222222,108.649774484067,0,46.5986979166667,23.0130208333333,48.3916846496293,23.0130208333333,49.3855447945948,49.3855447945948,313.611626743481,41.6880858731171,77.5902705603768,-6.13147435510654,40.5244449622386,"2008_2021",6.53571428571429,15.6964285714286,11.1160714285714,1113.00714121546,52.7090062647491
"78","37_1223_A_1",37.1223,21,26,NA,10.7410340277778,3.436625,NA,286.478897565412,42.4413181578388,NA,39852,37,1223,"A","1",0,1984,"J","0010",1997,"","2-2",2018,1,1,2,90,80,1,1,2,2,2,4,1,2,1,3,12,3,NA,NA,1,1,0,5,0,325,NA,6.5,NA,2,2,2,"PARCELA LOCALIZADA POR ORTOFOTO,CROQUIS Y PIES IFN3.HAN CORTADO EN LA PARCELA Y CONTINUAN HACIENDOLO POR LOS ALREDEDORES.
[Pies Mayores]A 17G Y 10M 021 NO ENTRA POR DISTANCIA LATERAL.A 87G Y 10.2M 026 NO ENTRA POR DIAMETRO.A 216G Y 10M 021 NO ENTRA POR DISTANCIA LATERAL.
[Regeneración]NO HAY EN 5M.
PARCELA LEVANTADA CON LLUVIA.","2018-11-21","2000-01-01","2018-11-21","2000-01-01",37,"37.1223.A.1","IFN4","37_1223",28.0625,7543.06010842755,3950.57936887041,14.1776590277778,328.92021572325,0,22.9327956989247,12.0107526993548,23.4267498284948,12.6374998,52.3736959812449,45.0334068596882,296.336178756374,43.6308380680159,81.2061398255849,-6.26264608600855,40.4916008656282,"2008_2021",7.26785714285714,16.452380952381,11.860119047619,1098.3928585904,50.2464262064498
"79","37_1313_A_1",37.1313,26,21,NA,10.8788482222222,7.136875,NA,196.078889889215,572.957795130823,NA,39891,37,1313,"A","1",0,1998,"","1-1",1984,"J","0002",2019,1,1,2,95,65,1,1,2,1,2,4,1,2,1,1,4,2,NA,NA,0,0,0,1,0,165,NA,6.5,NA,2,3,2,"PARCELA LOCALIZADA POR ORTOFOTO,CROQUIS Y REFERENCIA IFN3. 
[Pies Mayores]PIE 3 ENTRA MUY JUSTO,NO SE PUEDE COMPROBAR CON CINTA POR EL MATORRAL.
[Regeneración]NO HAY.
[Localización]LEVANTAMIENTO DIFICIL POR MATORRAL.","2019-01-10","2000-01-01","2019-01-10","2000-01-01",37,"37.1313.A.1","IFN4","37_1313",31.9861413043478,12073.7486308601,5579.03859687756,18.0157232222222,769.036685020038,0,15.6998344370861,7.25458057534952,17.2705982317297,10.6635870456522,46.2080068705233,33.3381477440128,424.748339991873,33.8160714916167,62.938800891685,-6.15619730606392,40.4980355802024,"2008_2021",7.19642857142857,16.3035714285714,11.75,1082.54286207472,49.7720856126306
"80","37_1635_A_1",37.1635,21,26,NA,13.3184652777778,9.82507013888889,NA,279.405344539105,205.133037762887,NA,40075,37,1635,"A","1",0,1984,"K","0003",1997,"","2-2",2018,1,1,2,90,70,1,1,2,2,2,4,1,2,1,1,6,2,NA,NA,1,4,0,0,0,130,NA,2.75,NA,2,3,2,"PARCELA LOCALIZADA POR FOTOS AEREAS CROQUIS Y PIES DEL IFN3. ES UNA PLANTACION DE PINO SILVESTRE Y PINO PINASTER LA FORMA DE LA MASA ES SEMIRREGULAR PORQUE HAY PIES DE LA REPOBLACION ANTERIOR.
[Identificación]
[Pies Mayores] HAN HECHO UN CLAREO CORTANDO PIES DEL IFN3. HAY PIES PODADOS.
LLUVIA DURANTE EL LEVANTAMIENTO.","2018-11-07","2000-01-01","2018-11-07","2000-01-01",37,"37.1635.A.1","IFN4","37_1635",30.04375,11804.1684514746,5512.77355709983,23.1435354166667,484.538382301992,0,24.3616788321168,11.3773722752555,24.6607237448628,11.73749995,46.7019221198184,39.0680256292906,474.027796765748,38.7043968542217,72.0369995623094,-6.85871890095186,40.2970082504135,"2008_2021",7.39880952380952,16.6607142857143,12.0297619047619,1017.67857101985,46.1956227860944
"82","37_1658_A_1",37.1658,21,26,31,49.0323006944444,11.3882375555556,0.585225,2178.65433210239,82.0532151051549,31.8309886183791,40089,37,1658,"A","1",0,1984,"J","0005",1997,"","1-1",2018,1,1,2,100,90,1,1,1,1,2,4,1,2,1,1,9,2,NA,NA,1,0,0,0,0,190,NA,3.25,NA,1,2,2,"PARCELA LOCALIZADA POR FOTOS AEREAS, CROQUIS Y PIES DEL IFN3.
[Identificación]
[ClaEsp] PLANTACION DE SILVESTRIS CON ALGUNOS PINASTER DE SEMILLA, EN LOS LIMITES DE LA PARCELA ENTRA ALGO DE ROBLE, POR ESO LE DOY OCUPACION.
[Pies Mayores]HAY TOCONES DE HABER HECHO CORTAS.PIE 27 SE LE HA PERTIDO LA BIFURCACION Y ESTA LA RAMA EN EL SUELO.","2018-11-24","2000-01-01","2018-11-24","2000-01-01",37,"37.1658.A.1","IFN4","37_1658",37.9223076923077,39920.7494931038,38473.8188531852,61.00576325,2292.53853582592,0,17.4133384757791,16.7821906816168,18.4069642799091,20.9492310071795,96.3754922983885,55.2425004753308,1402.5531010525,9.96950491858527,18.5553394401555,-6.77582886605652,40.3134596079141,"2008_2021",7.66071428571429,17.2857142857143,12.4732142857143,935.164289551122,41.6123958799069
"83","37_1725_A_1",37.1725,26,21,NA,21.5136838888889,10.5501762222222,NA,129.02160719983,69.037877536751,NA,40126,37,1725,"A","1",0,1984,"K","0002",1997,"","1-3",2018,1,1,2,80,65,1,2,1,2,2,4,1,2,1,1,5,10,NA,NA,0,0,0,0,0,130,NA,2.5,NA,1,2,1,"PARCELA LOCALIZADA POR FOTOS AEREAS, CROQUIS Y PIES DEL IFN3. 

CONSIDERO QUE ES UNA PLANTACION PORQUE A PESAR DE HABER HECHO CORTAS SE INTUYEN ALGUNAS LINEAS DE PLANTACION. ADEMAS HAY PIES MARCADOS PARA FUTURAS CORTAS.
[ClaEsp]
[Pies Mayores]PIE 3 TIENE UN BOLSON DE PROCESIONARIA EN LA PUNTA DE LA GUIA TERMINAL, PERO EL ARBOL ESTA SANO.
PIE 13, 17 Y 25 CALIDAD COMPROBADA.","2018-10-29","2000-01-01","2018-10-29","2000-01-01",37,"37.1725.A.1","IFN4","37_1725",49.6825,8902.68895627299,3905.84619650055,32.0638601111111,198.059484736581,0,44.9495714285714,19.7205713308571,45.4009708045984,20.44999995,43.8726570779318,41.1613746288935,516.049640386,34.7463241014923,64.6701960895702,-6.81227077624087,40.2781228551822,"2008_2021",7.42261904761905,16.327380952381,11.875,1072.8857159274,49.046204156681
"84","37_884_A_1",37.884,21,26,NA,15.9626673611111,4.08745277777778,NA,661.377207959654,56.5884242104517,NA,39668,37,884,"A","1",0,1997,"","4-2",1984,"L","0011",2018,1,1,2,95,80,1,1,2,2,2,6,1,2,1,1,6,2,NA,NA,0,4,0,3,0,305,NA,1.5,NA,1,2,1,"PARCELA LOCALIZADA POR ORTOFOTO,CROQUIS Y REFERENCIAS IFN3.
[Pies Mayores]A 36G Y 13M 021 NO ENTRA POR DIAMETRO.
[Regeneración]021 FUERA DE LOS 5M.
[Selvicultura]NO SON ATERRAZADOS, COMPROBADO. ","2018-11-07","2000-01-01","2018-11-07","2000-01-01",37,"37.884.A.1","IFN4","37_884",26.88125,13105.702208315,5683.24617017935,20.0501201388889,717.965632170106,0,18.2539408866995,7.91576353453202,18.8565275966952,9.574999925,43.3646826384747,35.6196230644036,456.589588471688,38.9770882926514,72.544535517586,-6.23648660734319,40.5540273802183,"2008_2021",6.63095238095238,16.0416666666667,11.3363095238095,1112.20714334079,52.1274376011307
"85","37_896_A_1",37.896,26,21,NA,6.87149227777778,5.53005555555556,NA,112.328022057747,56.5884242104517,NA,39679,37,896,"A","1",0,1997,"","4-2",1984,"L","12",2018,1,1,1,95,25,1,1,3,2,2,4,1,2,1,1,6,3,NA,NA,1,0,0,0,0,275,NA,5,NA,2,2,2,"PARCELA LOCALIZADA POR ORTOFOTO,CROQUIS Y PIES IFN3.
[Pies Mayores]A 154G Y 23M 021 NO ENTRA POR DIAMETRO.PIE 5 DISTANCIA COMPROBADA. 
A 173G Y 15M 026 NO ENTRA POR DISTANCIA LATERAL.A 231G Y 25M 026 NO ENTRA POR DISTANCIA LATERAL.
[Selvicultura]HAN CORTADO ALGUN PINO A MAS DE 15M DE DISTANCIA.NO ENTRABAN EN IFN3.
[Especies Presentes]045 FUERA DE LOS 25M.","2018-11-24","2000-01-01","2018-11-24","2000-01-01",37,"37.896.A.1","IFN4","37_896",35.7010752688172,4744.45836844058,1617.69328363983,12.4015478333333,168.916446268198,0,28.0876046901173,9.57688442646566,30.5743362591642,11.7403225876344,34.0964796824961,32.8850671842058,233.333055158491,65.5366143623354,121.97738354938,-6.21326656161726,40.5444621788409,"2008_2021",6.63095238095238,16.0416666666667,11.3363095238095,1112.20714334079,52.1274376011307
"105","40_1849_A_1",40.1849,21,26,45,15.2406462222222,11.0485184444444,0.43890625,106.386237515649,44.7048551262568,31.8309886183791,41390,40,1849,"A","1",0,1984,"L","0002",2002,"","3-1",2018,1,1,1,70,60,1,1,1,2,2,4,1,2,1,1,6,7,NA,NA,1,0,0,0,0,6,NA,4.5,NA,1,2,1,"[Pies Mayores] PIE N7 FORMA COMPROBADA Y MEDIDO CON CINTA (225M). PIE N8 MEDIDO CON CINTA (235M). PIE N9 HT COMPROBADA. PIE N11 MEDIDO CON CINTA (261M) Y HT COMPROBADA. PIE N13 MEDIDO CON CINTA (218).","2018-12-03","2000-01-01","2018-12-03","2000-01-01",40,"40.1849.A.1","IFN4","40_1849",50.3971354166667,7147.2948166057,2498.7043045073,26.7280709166667,182.922081260285,0,39.0728924980665,13.6599380856148,43.1326160765327,15.6182290197917,34.9601404254645,30.9903110378504,438.970897517112,47.3407513186626,88.1110664213831,-4.17254533401268,40.7432906187336,"2008_2021",5.90476190476191,15.3988095238095,10.6517857142857,540.185711639268,26.1568524442707
"106","40_1856_A_1",40.1856,21,26,NA,21.6280616666667,8.928784,NA,164.813785512941,76.9602569262143,NA,41393,40,1856,"A","1",0,1984,"L","0002",2002,"","3-1",2018,1,1,1,70,40,1,1,2,2,2,4,1,2,1,1,7,4,NA,NA,0,0,0,0,0,235,NA,4,NA,2,2,2,"[Pies Mayores] PIE N4 HT COMPROBADA. PIE 13 DM COMPROBADO. PIE A 210G NO ETRA POR DM COMPROBADO. PIE N19 HT Y DM COMPROBADOS. PIE N27 HT COMPROBADA.
[Regeneración] COMPROBADA.","2018-12-03","2000-01-01","2018-12-03","2000-01-01",40,"40.1856.A.1","IFN4","40_1856",50.7663265306122,9079.01848611276,3225.54018950967,30.5568456666667,241.774042439155,0,37.5516676418958,13.3411352061147,40.1147863689946,16.900510255102,35.5274107486779,33.2907882253623,516.43974064996,38.0535648074392,70.825664631919,-4.17238718297644,40.7342841217808,"2008_2021",5.90476190476191,15.3988095238095,10.6517857142857,540.185711639268,26.1568524442707
"107","40_1864_A_1",40.1864,21,26,NA,33.9645237777778,11.854429,NA,351.979998589009,50.9295817894065,NA,41398,40,1864,"A","1",0,1984,"L","0002",2002,"","3-1",2018,1,1,1,70,60,1,1,2,1,2,4,1,2,1,1,8,2,NA,NA,0,0,0,0,0,220,NA,6.75,NA,2,2,2,"[Pies Mayores] TODAS LAS DISTANCIAS COMPROBADAS.
PIE N5 MEDIDO CON CINTA (216M). PIE N8 MEDIDO CON CINTA (214M). PIE N23 MEDIDO CON CINTA (210M)
[Regeneración] COMPROBADA.
[Matorral] HAY ROSA FERA DE LOS 10M","2018-12-12","2000-01-01","2018-12-12","2000-01-01",40,"40.1864.A.1","IFN4","40_1864",49.6812834224599,14817.197877901,6616.884443494,45.8189527777778,402.909580378416,0,36.7754915730337,16.4227528103933,38.0516805114727,17.3823528395722,44.6567866476475,34.9877290644106,790.703927773018,28.6607559862087,53.3436775726109,-4.1720710953794,40.7162710838764,"2008_2021",5.90476190476191,15.3988095238095,10.6517857142857,540.185711639268,26.1568524442707
"114","42_1046_A_1",42.1046,26,21,NA,22.2318493055556,8.81285625,NA,834.679257104162,555.273912565057,NA,42299,42,1046,"A","1",0,1984,"K","0012",2000,"","2-4",2019,1,1,2,95,80,1,1,1,1,3,4,1,2,1,1,5,3,NA,NA,1,0,0,0,0,60,NA,4,NA,2,2,2,"REON LOCALIZADO MEDIANTE ORTOFOTO Y PIES IFN3. SE APRECIAN CORTAS EN LA MASA. MOD. COMBUSTIBLE MIXTO 5/11POR RESTOS SELVICULTURA. FUERA DE 10M HAY GAYUBA Y E.VAGANS.
[Pies Mayores]
026 A 68G Y 9.4M SE VA POR DIAMETRO. PIE 010,013,037 IFN4 CALIDAD Y AGENTE COMPROBADOS. PIE 011 IFN4 RUMBO COMPROBADO. PIE 015 IFN4 FORMA COMPROBADA. 021 A 252G Y 7.4M SE VA POR DIAMETRO.  026 A 362G Y 10.5M SE VA POR DIAMETRO.","2019-05-13","2000-01-01","2019-05-13","2000-01-01",42,"42.1046.A.1","IFN4","42_1046",25.575,22661.541830378,11368.9680992675,31.0447055555556,1389.95316966922,0,16.3038167938931,8.1793893113486,16.8635400254008,9.25000012,50.1685550981677,36.1681334115347,738.854962293025,28.9973411164377,53.970133087996,-2.90377027551335,41.7580552857472,"2008_2021",4.52976190476191,16.202380952381,10.3660714285714,507.371429664748,24.9125822544725
"121","42_1293_A_1",42.1293,26,21,NA,16.8531626666667,8.98477822222222,NA,139.773407799816,71.8672987472736,NA,42468,42,1293,"A","1",0,1985,"L","0011",2000,"","4-2",2019,1,1,2,80,80,1,2,1,1,2,4,1,1,1,1,6,6,NA,NA,1,0,0,0,0,280,NA,4,NA,3,2,1,"PARCELA LOCALIZADA POR CROQUIS Y PIES MAYORES IFN3.
SE HAN CORTADO LA MAYORIA DE PIES DEL IFN3.
[Pies Mayores]
A 197G Y 23M HAY UN 26 QUE NO ENTRA POR DIAMETROS.  
PAE COMPROBADO PIE 3 Y 18.","2019-02-28","2000-01-01","2019-02-28","2000-01-01",42,"42.1293.A.1","IFN4","42_1293",42.7937185929648,8280.13140732171,3150.05121044179,25.8379408888889,211.640706547089,0,39.1235294117647,14.8839571641711,39.4261534712696,14.731658238191,38.0434929771326,34.4248144881076,439.682786944233,46.6604328872242,86.8448511453164,-2.59108558005041,41.7483611567945,"2008_2021",4.47023809523809,17.0357142857143,10.7529761904762,499.228570631572,24.0557578850148
"132","42_225_A_1",42.225,21,26,NA,18.8175618055556,5.96334513888889,NA,512.832594407218,215.743367302347,NA,41772,42,225,"A","1",0,2000,"","4-3",1982,"04","4828",2019,1,1,1,100,70,1,1,1,3,2,4,1,2,1,1,1,4,NA,NA,0,0,0,0,0,183,NA,1.5,NA,1,2,2,"[Pies Mayores]021 A 169G NO ENTRA POR DIST.(COMP)
[Riesgos]TAMBIEN SE PUEDEN DAR EL MODELO 08. Y EL 07 EN ALGUNAS ZONAS.HAY CORTAS ANTIGUAS","2019-02-26","2000-01-01","2019-02-26","2000-01-01",42,"42.225.A.1","IFN4","42_225",30.75625,14410.5959028428,8143.07430213471,24.7809069444444,728.575961709565,0,19.7791262135922,11.1766991090777,20.8101992591105,11.42500007375,56.507547342496,37.1469215972363,542.768315316424,32.4269699675069,60.3533916354396,-2.99999999999999,41.4248349692192,"2008_2021",5.57142857142857,17.6309523809524,11.6011904761905,444.592858288969,20.5818683363315
"133","42_228_A_1",42.228,26,21,38,8.31044738888889,7.81113586111111,1.36663125,217.299548968134,203.152442915522,95.4929658551372,41775,42,228,"A","1",0,1982,"04","4828",2000,"","4-3",2019,1,1,1,98,75,1,2,2,3,2,4,1,1,1,1,5,4,NA,NA,0,0,0,0,0,340,NA,8.25,NA,1,2,2,"[ClaEsp. Resto de especies=10% RESTANTE AL ENEBRO]
[Pies Mayores]SABINA A 320G NO ENTRA POR DM.
[ClaEsp]SABINA A 380G NO ENTRA POR DM Y DIST.SABINA A 392G NO ENTRA POR DM.N24 DMS Y ALTURA Y FORMA COMP.","2019-03-11","2000-01-01","2019-03-11","2000-01-01",42,"42.228.A.1","IFN4","42_228",30.2862694300518,10068.6368487051,5070.11060825379,17.4882145,515.944957738793,0,19.514943789416,9.82684399218536,20.7742861202465,11.639896373057,50.3554819231148,38.4329156152432,383.300215286057,37.8224101475583,70.3954373325407,-2.56871610283676,41.4960843595482,"2008_2021",5.58333333333333,18.4047619047619,11.9940476190476,437.850000705038,19.9076590307027
"134","42_230_A_1",42.23,21,26,NA,16.9812743055556,10.0042946944444,NA,696.744973091186,135.95368916561,NA,41776,42,230,"A","1",0,1982,"04","4828",2000,"","4-4",2019,1,1,2,100,90,1,1,1,2,2,4,1,2,1,1,8,4,NA,NA,1,0,0,0,0,226,NA,5,NA,2,1,2,"[Pies Mayores]021 A 344G NO ENTRA POR DIST.(COMP)N30 PAE COMP.","2019-03-12","2000-01-01","2019-03-12","2000-01-01",42,"42.230.A.1","IFN4","42_230",32.5589673913043,16105.192854249,10082.472758666,26.985569,832.698662256796,0,19.3409616038056,12.1081889711944,20.3131331705597,14.278260825,62.6038623064733,43.8535431833546,596.727568872683,24.2706135617504,45.1727018279086,-2.7462595272637,42.0460247914841,"2008_2021",2.5,12.8690476190476,7.68452380952381,792.078570876803,44.7893638193547
"135","42_252_A_1",42.252,21,26,NA,30.1648308055556,8.42295155555555,NA,354.385006617954,53.7590029999291,NA,41790,42,252,"A","1",0,2000,"","3-1",1984,"J","0010",2019,1,1,1,95,90,1,1,1,1,2,4,1,2,1,1,8,4,NA,NA,1,0,0,0,0,260,NA,2.25,NA,2,2,2,"Rejn lcalizado por ortofoto, referencia croquis y por pies ifn3.
No coiinciden las fotos ifn3.
[Identificación]

[Pies Mayores]
Pie n5 ht y dn comprobados
Pie n10, 17 nt y dn comprobados
Pie n12, 27 ht comprobad.
Pie n22 dn y ht comprobados
Pie n29, 32 dn comprobado
Pie n33 especie comprobada.","2019-05-24","2000-01-01","2019-05-24","2000-01-01",42,"42.252.A.1","IFN4","42_252",43.7173684210526,13654.2845397171,7236.35792151498,38.5877823611111,408.144009617883,0,33.454575389948,17.7299133418371,34.6955084397469,19.5405261726316,52.9969761540131,44.6973980328185,690.650433789014,25.3312740119181,47.1468133654754,-2.9517227709274,41.9742440663707,"2008_2021",3.57738095238095,14.0119047619048,8.79464285714286,648.385715212141,34.4984323533301
"136","42_253_A_1",42.253,26,21,NA,19.2325095555556,16.9648702222222,NA,118.835690841949,241.632571378629,NA,41791,42,253,"A","1",0,2000,"","2-1",1984,"J","010",2019,1,1,1,95,90,1,2,3,1,3,4,1,2,1,1,7,2,NA,NA,1,0,0,0,0,160,NA,4.25,NA,1,2,1,"Rejon localizado por ortofoto y por pies ifn3.
[Identificación]

[Pies Mayores]
Pie n5, 7, 10,15, 22, 28, 32, 36 dn comprobado.Algunos dn negativos pueden ser por descortezado natural.
Pie R40 no entra por dn para 425mm.
Pie n9, 12, 13, 15, 17 , 18, 19, 20, 22, 34 ht comprobada.
Pie a R 97 no entra por distancia pra 225mm.","2019-05-28","2000-01-01","2019-05-28","2000-01-01",42,"42.253.A.1","IFN4","42_253",48.0192513368984,12360.1002044711,6693.27882410049,36.1973797777778,360.468262220577,0,34.289010989011,18.568288877551,35.7569205956925,20.8181818181818,54.1523022740487,43.3538242237962,640.200922494959,25.3001843914659,47.0889490617546,-2.93965346948079,41.974238356593,"2008_2021",3.57738095238095,14.0119047619048,8.79464285714286,648.385715212141,34.4984323533301
"147","42_318_A_1",42.318,21,26,43,15.3251090277778,3.27715555555556,0.6889,229.89047335496,28.2942121052258,31.8309886183791,41835,42,318,"A","1",0,2000,"","4-1",1985,"L","0009",2019,1,1,1,90,80,1,3,2,1,2,4,1,2,1,1,7,3,NA,NA,1,1,0,0,0,95,NA,2,NA,2,2,1,"Rejon localizado por irientacion fisiograficay por pies ifn3, ayudado del croquis.
REjon localizado desde el cruce de coordenadas a 110m R 10 aproximadamente.
subpiso de q. pyrenaica
[Identificación]

[Pies Mayores]
Pie n1 de ifn3 es error porque la distancia al latera son 10.11cm
Pie n6, 7, 8 ht comprobada.
Pie n12 esta a caballo entre forma 2 y forma 5
[Matorral]
No se observa 136","2019-05-31","2000-01-01","2019-05-31","2000-01-01",42,"42.318.A.1","IFN4","42_318",34.78125,8213.6329353214,4536.26951474373,19.2911645833333,290.015674078565,0,28.3213414634146,15.6414632731707,29.1020476398014,16.4625001,55.2285395569143,47.3315366756514,370.105083053854,35.6692086494325,66.3878777789771,-2.50861326956684,41.5228646784784,"2008_2021",5.44642857142857,17.9404761904762,11.6934523809524,446.46428503309,20.580600874073
"148","42_326_A_1",42.326,26,21,NA,13.0401688888889,6.85683333333333,NA,115.440385389321,84.8826363156775,NA,41840,42,326,"A","1",0,2000,"","4-2",1985,"L","0012",2019,1,1,1,80,70,1,2,3,3,2,4,1,2,1,1,7,4,NA,NA,1,0,0,0,0,345,NA,4.5,NA,2,3,3,"[Pies Mayores]PINASTER A 114G NO ENTRA POR DM.N8 ALTURA COMP.N11 ALTURA COMP.N14 ALTURA COMP.N15 DMS Y ALTURA COMP.N16 ALTURA COMP.N17 ALTURA COMP.","2019-07-22","2000-01-01","2019-07-22","2000-01-01",42,"42.326.A.1","IFN4","42_326",40.9776536312849,6990.08510059604,2933.09122676421,19.8970022222222,200.323021704999,0,34.8940677966102,14.6418080248588,35.5617768362523,15.6603353117318,41.9607370232746,38.2167691997273,352.667622070669,45.1163037572665,83.9709030024771,-2.90354065848674,41.9111682822842,"2008_2021",4.07738095238095,14.9107142857143,9.49404761904762,575.964285169329,29.5456488270068
"149","42_333_A_1",42.333,26,21,NA,26.0533452222222,12.4027555555556,NA,206.547748368149,141.471060526129,NA,41842,42,333,"A","1",0,2000,"","4-1",1985,"L","0009",2019,1,1,1,90,80,1,2,3,2,2,4,1,2,1,1,7,5,NA,NA,1,0,0,0,0,60,NA,7,NA,2,2,2,"Rejon localizado por ortofoto, fisiografico y por pies ifn3.
[Identificación]
[Pies Mayores]
piie n1 dn comprobado.
Pie R37 no entra por dn para 425mm.
Pie n6, 7, 9, 10, 13 ht comprobad.
Pie R93 y 25.1m no entra por distancia reducida.
Pie n16 dn comprobado.
Pie n29 entra por distancia al lateral.
Pie a R 380 no entra por distacia para 225mm.","2019-04-26","2000-01-01","2019-04-26","2000-01-01",42,"42.333.A.1","IFN4","42_333",43.1681578947368,12914.5818790972,6814.26482085072,38.4561007777778,348.018808894278,0,37.1088617886179,19.5801624702439,37.5090724526769,20.4173682589474,52.7641148946519,47.2972886837886,667.417828539659,26.2542054723471,48.8645823688622,-2.9879442687227,41.9022016174551,"2008_2021",4.42261904761905,15.2916666666667,9.85714285714286,536.492857166699,27.0176259004812
"150","42_341_A_4",42.341,26,21,NA,10.456334,6.259106,NA,96.2003211577678,93.5123710077714,NA,41844,42,341,"A","4",0,2000,"","4-2",1985,"L","0013",2019,1,1,1,70,65,1,2,3,3,2,4,1,2,1,1,7,3,NA,NA,0,0,0,0,0,280,NA,7,NA,1,2,3,"[Pies Mayores]NO ENCUENTRO LA PARCELA PORQUE EN LA COORDENADA NI ALREDEDORES LA HE VISTO(ANTES IFO3 A4)Y CERCA DE LA COORDENADA HE VISTO UN PINO CON SILICONA DEL INFO2.
[Fisiografía]CORTAS ANTIGUAS","2019-07-18","2000-01-01","2019-07-18","2000-01-01",42,"42.341.A.4","IFN4","42_341",38.4446927374302,6122.35820375298,2171.70810003844,16.71544,189.712692165539,0,32.2717375093214,11.4473527060776,33.4939040832545,12.5117319575419,35.4717582304674,32.5447573296908,303.370074110668,58.0275687345355,108.00147485248,-2.89149851125545,41.9021509912734,"2008_2021",4.07738095238095,14.9107142857143,9.49404761904762,575.964285169329,29.5456488270068
"152","42_345_A_1",42.345,26,21,NA,44.037406,8.05279377777778,NA,365.561220399518,82.0532151051549,NA,41847,42,345,"A","1",0,1985,"L","0008",2019,"","",2019,1,1,1,100,80,1,2,1,1,2,4,1,2,1,1,5,3,NA,NA,1,0,0,0,0,141,NA,4.5,NA,3,2,1,"[Identificación] PARCELA LOCALIZADA POR CROQUIS IFN3 Y PIES MAYORES.
PARCELA SITUADA EN UN PINAR MEZCLADO DE PINASTER Y SILVESTRE.
[Pies Mayores] PIES 1, 4, 7, 8, 10, 13, 18, 19, 21, 24, 28, 39 DIAMETROS COMPROBADOS, PRESENTAN PERDIDA DE CORTEZA.
PIES 12, ALTURAS COMPROBADAS.
PIE 31 ENTRA JUSTO.
PIE 24 IFN3 (999 IFN4) DIST. LATERAL CINTA 25.79 MT PENDIENTE 4.25. DIAMETRO COMPROBADO.
026 A 66 GR Y 23.6 MT NO POR DM 404-432.
021 A 122 GR Y 15.40 MT, LAT CINTA, NO POR DIST. PENDIENTE 4.00 Y DM 258-262.
026 A 225 GR Y 19.4 MT NO POR DM 389-396.
026 A 262 GR Y 19.6 MT NO POR DM 399-391.
026 A 278 GR Y 19.3 MT NO POR DM 404-432.
026 A 287 GR Y 15.4 MT NO POR DM 409-399.","2019-05-06","2000-01-01","2019-05-06","2000-01-01",42,"42.345.A.1","IFN4","42_345",45.85,17021.288706686,8328.00514924024,52.0901997777778,447.614435504673,0,38.0266750948167,18.6053095893805,38.4929352212442,19.93500014,48.9269954393582,43.4787353107961,894.843157105618,23.710008787682,44.1292987743408,-3.01205403751834,41.8931950577362,"2008_2021",4.39285714285714,15.0714285714286,9.73214285714286,555.600000466619,28.1571040960459
"154","42_366_A_1",42.366,26,21,NA,9.42047361111111,3.71495555555556,NA,212.206590789194,70.7355302630646,NA,41863,42,366,"A","1",0,2000,"","4-1",1985,"L","0010",2019,1,1,1,85,60,1,2,3,2,2,4,1,2,1,1,7,3,NA,NA,1,0,0,0,0,310,NA,6.25,NA,2,2,2,"[Identificación] PARCELA LOCALIZADA POR GPS, ORTOFOTO, CROQUIS IFN3 Y FOTOS IFN3.
PARCELA SITUADA EN UN BOSQUE DE PINO SILVESTRE Y PINASTER CON ABUNDANTES CLAROS Y ROCAS.
[Matorral] FURA DE 10 MT HAY ARANDANO.
[Pies Mayores] PIES 2, 3, 10 ALTURA Y DIAMETROS COMPROBADOS.
PIE 3 DIST. LATERAL CINTA 10.35 MT Y PENDIENTE 5.75
PIE 5 DIST. LATERAL CINTA 15.15 MT Y PENDIENTE  3.25
PIE 13 ALTURA COMPRBADA.
021 A 53 GR Y 15.2 MT NO POR DIST. DM 227-226.
026 A 112 GR Y 10.2 MT NO POR DIST. DM 172-169.
021 A 327 GR Y 14.9 MT NO POR DM 216-228.
021 A 332 GR Y 24.9 MT ESTA MUY JUSTO POR DIST. Y NO POR DM 389-386.
021 A 349 GR Y 10.12 MT NO POR DIST. DM 175-188.
021 A 366 GRY 20.3 MT NO POR DM 396-400.","2019-06-05","2000-01-01","2019-06-05","2000-01-01",42,"42.366.A.1","IFN4","42_366",29.63125,6671.77521441225,2904.40085290159,13.1354291666667,282.942121052258,0,23.58,10.264999930375,24.3124312338359,11.8499999,43.5326544969254,39.991562623919,270.556802295004,50.1687003930609,93.3744727212398,-2.97589531170828,41.8841865864901,"2008_2021",4.42261904761905,15.2916666666667,9.85714285714286,536.492857166699,27.0176259004812
"155","42_371_A_1",42.371,21,26,43,13.0544555555556,4.164975,1.3609625,806.385044998936,56.5884242104517,63.6619772367581,41867,42,371,"A","1",0,1985,"L","0012",2019,"","",2019,1,1,1,90,75,1,2,3,3,2,4,1,2,1,1,4,3,NA,NA,0,0,0,0,0,53,NA,2.5,NA,3,2,2,"[Identificación] PARCELA LOCALIZADA POR CROQUIS IFN3 Y PIES MAYORES.
PARCELA SITUADA EN UN BOSQUE MIXTO DE DE SILVESTRE, PINASTER Y ROBLE.
ABUNDAN LOS AFLORAMIENTOS ROCOSOS.
[ClaEsp] HAY ALGUN ROBLE EN ESTADO 3, PREDOMINANDO EL ESTADO 2.
[Selvicultura] CORTAS MUY ANTIGUAS QUE NO TENGO EN CUENTA.
[Pies Mayores] PIE 3 ALTURA COMPROBADA.
021 A 28 GR Y 14.1 MT NO POR DM 207-204.
026 A 185 GR Y 13.3 MT NO POR DM 194-191.
021 A 215 GR Y 5.6 MT CON DM 96-97.
021 A 281 GR Y 13.8 MT NO POR DM 190-203.
021 A 345 GRY 4.1 MT NO POR DM 71-73.
043 A 350 GR Y 7.7 MT NO POR DM 110-103.
021 A 381 GR Y 4.8 MT NO POR DM 71-70. 
021 A 388 GR Y 13.9 MT NO POR DM 199-198.

[PiesMay 3-21] ALTURA COMPROBADA.","2019-05-14","2000-01-01","2019-05-14","2000-01-01",42,"42.371.A.1","IFN4","42_371",28.0554054054054,13336.8305534495,6756.30425081496,18.5803930555556,926.635446446146,0,14.3927480916031,7.29122145793893,15.9782073677563,11.2513513543243,50.6589944570262,40.1040412417514,451.728738361793,29.1971767183945,54.3420690524012,-2.91563363151476,41.8841581271364,"2008_2021",4.07738095238095,14.9107142857143,9.49404761904762,575.964285169329,29.5456488270068
"157","42_399_A_4",42.399,21,26,NA,13.1711027777778,7.83614513888889,NA,682.597867038573,159.154943091895,NA,41885,42,399,"A","4",0,2000,"","3-4",1985,"M","0005",2019,1,1,2,90,75,1,2,1,2,2,4,1,2,1,1,11,3,NA,NA,1,4,0,0,0,180,NA,2.25,NA,1,2,1,"[Identificación] PARCELA LOCALIZADA POR ORTOFOTO Y GPS.
PARCELA A4 PORQUE NO SEHAN ENCONTRAO LOS PIES MAYORES IFN3.
LA PENDIENTE DE LA PARCELA IFN3 NO COINCIDE EN NINGUN LUGAR Y SE HA REVISADO UNA AMPLIA ZONA.
TODOS LOS CLAROS HAN SIDO REVISADOS SIN EXITO. NO HAY CORTAS RECIENTES POR LO QUE LOS PIES IFN3 DEBIERAN ESTAR Y SIN EMBARGO NO COINCIDE NADA, TAMPOCO EL MARCO DE PLANTACION INDICADO EN IFN3 Y ES QUE EL MARCO ES IRREGULAR NO CUMPLIENDOSE EN NIGUN CASO EL MARCO 2X2.
[Pies Mayores] PIE 20 BIF. A 6.7 MT DE ALTURA.
A 25G Y 12.4M 026 NO ENTRA POR DM 208 205
A 26G Y 10.2 021 NO ENTRA POR DISTANCIA 153 156
A 62G Y 10.2M 021 NO ENTRA POR DISTANCIA 165 166
021 A 94 GR Y 6.6 MT NO POR DM 114-107.
021 A 113 GR Y10.2 MT NO POR DM 145-151.
021 A 218 GR Y 6.9 MT NO POR DM 114-119.
021 A 264 GR Y 13.2 MT NO POR DM 209-199.
026 A 355 GR Y 15 MT ESTA MUY JUSTO POR DIST. Y NO POR DM 219-222.
026 A 382 GRY 13.4 MT NO POR DM 198-209.","2019-07-25","2000-01-01","2019-07-25","2000-01-01",42,"42.399.A.4","IFN4","42_399",27.48125,14364.7946469975,8456.43259053434,21.0072479166667,841.752810130469,0,17.0653361344538,10.0462184251261,17.8257311540501,12.11249995,58.8691505750268,44.0755058448943,489.127253022622,28.4560047238141,52.9625925332275,-3.0843426829323,41.8661449555904,"2008_2021",5.04761904761905,16.0892857142857,10.5684523809524,478.221429892949,23.250238814069
"158","42_406_A_1",42.406,21,26,NA,17.9443597222222,12.8873566944444,NA,374.898310394242,146.139605523491,NA,41891,42,406,"A","1",0,1985,"M","0008",2000,"","4-3",2019,1,1,1,90,70,1,1,2,2,2,4,1,2,1,1,7,3,NA,NA,1,0,0,0,0,88,230,7.25,2.75,2,2,1,"[Identificación] PARCELA LOCALIZADA POR FOTOGRAFIA AEREA Y PIES MAYORES IFN3.
PARCELA SITUADA EN UNA MASA MEZCLADA DE PINO SILVESTRE Y PINASTER.
[Pies Mayores] PIE 3 ALTURA COMPRBADA.
026 A 1 GR Y 16.7 MT NO POR DM 409-399.
026 A 13 GR Y  22.6 MT NO POR DM 402-409.
021 A 313 GR Y 13.4 MT NO POR DM 197-204.
021 A 337 GR Y 11.3 MT NO POR DM 197-197.
021 A 382 GR Y 13.9 MT NO POR DM 204-200.
026 A 395 GR Y 15.06 MT, LATERAL CINTA, NO POR DIST. PENDIENTE 2.00 Y DM 309-314.","2019-06-12","2000-01-01","2019-06-12","2000-01-01",42,"42.406.A.1","IFN4","42_406",38.6949152542373,13524.2443408815,8107.3104232752,30.8317164166667,521.037915917734,0,25.9563535161553,15.5599240968775,27.4485398483145,17.5101693627119,59.9464947462401,45.2518612527376,605.339487958938,25.0192904717481,46.5661465685912,-2.99999999999999,41.8661759252012,"2008_2021",4.54761904761905,15.672619047619,10.110119047619,512.828572068896,25.501021195079
"159","42_436_A_1",42.436,26,21,NA,13.9523083333333,8.2970125,NA,756.870173814791,763.943726841098,NA,41917,42,436,"A","1",0,2000,"","4-4",1985,"L","0012",2019,1,1,2,100,75,1,2,2,1,2,4,1,2,1,1,4,2,NA,NA,1,0,0,4,0,175,NA,3.25,NA,1,2,2,"[Identificación] PARCELA LOCALIZADA POR ORTOFOTO, GPS, CROQUIS IFN3 Y PIES MAYORES.
PARCELA SITUADA EN UNA PLANTACION DE PINO SILVESTRE Y PINASTER.
[ClaEsp] COMPROBADOS ORIGEN DE MASA.
[Pies Mayores]PIE 11 FORMA COMPROBADA.
021 A 24 GR Y 10.3 MT CON DM 122-124.
021 A 42 GR Y 10.28 MT CON DM 144-146.
021 A 56 GR Y 9.1 MT CON DM 116-105.
021 A 109 GR Y 10.13 MT, LATERAL CINTA, NO POR DIST. PENDIENTE 1.75 Y DM 130-142.
021 A 110 GR Y 12.2 MT NO POR DM 222-214.
021 A 162 GR Y 5.3 MT NO POR DM 112-128.
026 A 287 GR Y 12.5 MT NO POR DM 229-214.
026 A 313 GR Y 7.2 MT NO POR DM 120-113.
021 A 355 GR Y 8.2 MT NO POR DM 111-110.
021 A 383 GR Y 5.15 MT, LATERAL CINTA, NO POR DIST. PENDIENTE 3.25 Y DM 120-118.","2019-06-03","2000-01-01","2019-06-03","2000-01-01",42,"42.436.A.1","IFN4","42_436",22.6941176470588,19589.8514287044,11756.59888405,22.2493208333333,1520.81390065589,0,12.8811627906977,7.73046516669767,13.6482007503161,10.7852941411765,60.0137215273791,47.5246242612753,575.676338663852,23.7755169967276,44.2512232896384,-2.89157466067357,41.8571181297878,"2008_2021",4.57738095238095,15.7678571428571,10.172619047619,504.521427495139,25.0102094479738
"160","42_437_A_1",42.437,26,21,NA,16.4023368055556,7.13297291666667,NA,272.331791512799,148.544613552436,NA,41918,42,437,"A","1",0,1985,"M","0012",2000,"","4-4",2019,1,1,1,95,70,1,2,1,2,2,4,1,2,1,1,7,3,NA,NA,1,0,0,0,0,245,NA,3,NA,3,1,1,"[Identificación] PARCELA LOCALIZADA POR FOTOGRAFIA AEREA Y PIES MAYORES IFN3.
[ClaEsp] COMPROBADO ORIGEN DE LA MASA.
[Pies Mayores]PIE 18 FORMA COMPROBADA. 
026 A 55 GR Y 19 MT NO POR DM 407-418.
026 A 7 GR Y 22 MT NO POR DM 415-417.
021 A 269 GR Y 15.20 MT, LATERAL CINTA, NO POR DIST. PENDIENTE 2.25 Y DM 253-234.
026 A 337 GR Y 15.18 MT, LATERAL CINTA, NO POR DIST PENDIENTE 0.25 Y DM 321-343.","2019-07-23","2000-01-01","2019-07-23","2000-01-01",42,"42.437.A.1","IFN4","42_437",31.73125,11086.3796581301,5596.24147039616,23.5353097222222,420.876405065234,0,26.3411764705882,13.2966386403361,26.6831887716819,15.1624999,50.4785298985516,47.7841241678156,467.274864092249,32.1478474900492,59.833886167826,-2.87952742515977,41.8571061249594,"2008_2021",4.57738095238095,15.7678571428571,10.172619047619,504.521427495139,25.0102094479738
"162","42_448_A_1",42.448,21,26,NA,21.6157167777778,10.4811627777778,NA,323.261373302205,63.9449193578104,NA,41925,42,448,"A","1",0,1985,"M","0008",2000,"","4-3",2019,1,1,1,90,70,1,1,1,2,2,4,1,2,1,1,8,2,NA,NA,0,0,0,0,0,300,NA,1.25,NA,1,2,1,"[Identificación] PARCELA LOCALIZADA POR EL AUXILIAR MIGUEL JULIO VOCES, POR MEDIO DE FOTOGRAFIA AEREA, CROQUIS IFN3 Y PIES MAYORES
[Regeneración] NO HAY REGENERACION, FUERA DE 5M HAY REGENERACION DE Q. ILEX, P.PINASTER Y P.SYLVESTRIS
[Matorral] FUERA HAY CISTUS LAURIFOLIUS, RUBUS SP Y LAVANDULA STOECHAS
[Especies Presentes] FUERA HAY JUNIPERUS COMMUNIS
[Riesgos] MODELO DE COMBUSTIBLE MIXTO 08/02
[Pies Mayores] A 5G Y 22M 021 NO ENTRA POR DM 404 415 PIE 1 BIFURCADO A 7.2M. AFECTADO POR PERFORADORES 
PIES 3, 4, 5, 7 Y 31 ALTURAS COMPROBADAS
PIE 4 AFECTADO POR DOMINANCIA
PIES 5 Y 9 DISTANCISA COMPROBADAS.
PIE 31 DM COMPROBADO Y MEDIDO A 1.8M POR ESTAR SOLDADO A LA ALTURA DE LA BIFURCACION. SON CUATRO LOS PIES BIF. POR DEBAJO Y QUE ESTAN MUY JUSTOS. EL RESTO DE PIES TIENEN UN DIAMETRO INFERIOR A 425 M.
A 207G Y 9.8M 021 NO ENTRA POR DM 120 128
A 132G Y 15M 021 NO ENTRA POR DISTANCIA NI DM 207 198
PIE 25 PERIMETRO 211CM
A 272G Y 20.7M 021 NO ENTRA POR DM 407 398
A 291G Y 17.8M 021 NO ENTRA POR DM 406 419

SE CAMBIA EL PIE PROPUESTO PARA BARRENAR DE SILVESTRE POR ESTAR BIF. POR DEBAJO.

PARCELA LEVANTADA POR EL AUXILIAR MIGUEL JULIO VOCES.","2019-08-20","2000-01-01","2019-08-20","2000-01-01",42,"42.448.A.1","IFN4","42_448",48.6441011235955,11515.6877384027,7057.79323071747,32.0968795555556,387.206292660016,0,29.7404457435148,18.2274755459993,32.4874229338931,22.224157211236,61.2885082597457,45.6872605267565,589.592144685027,22.8667001091524,42.5597244664155,-2.99999999999999,41.8481626772535,"2008_2021",4.54761904761905,15.672619047619,10.110119047619,512.828572068896,25.501021195079
"163","42_450_A_1",42.45,26,21,NA,11.7794884444444,6.08615833333333,NA,115.440385389321,70.7355302630646,NA,41926,42,450,"A","1",0,1985,"M","0009",2000,"","4-3",2019,1,1,1,85,70,1,2,1,2,2,4,1,2,1,1,7,2,NA,NA,1,0,0,0,0,390,NA,1.75,NA,1,2,1,"[Identificación] PARCELA LOCALIZADA Y LEVANTADA POR EL AUXILIAR MIGUEL JULIO VOCES, POR MEDIO DE FOTOGRAFIA EREA Y PIES MAYORES IFN3.
[ClaEsp] NO DOY OCUPACION A LAS DEMAS ESPECIES PORQUE SON MUY ESCASAS.
[Especies Presentes] NO HAY ENEBRO.
[Pies Mayores]PIE 5 DISTANCIA LATERAL CINTA 24.77 MT.
PIE 17 MEDIDO A 0.9 PORQUE LA CORTEZA ESTA RASURADA A LA ALTURA NORMAL Y LE HAN INSCRITO EN PITURA DE COLOR BLANCO LOS NUMEROS 62(MIRANDO HACIA EL REJON) Y 65 EN LA PARTE POSTERIOR.

021 A 7 GR Y 15.3 MT NO POR DIST. DM 317-322.
026 A 84 GR Y 20.8 MT NO POR DM 432-403.
026 A 150 GR Y 18.1 MT NO POR DM 430-410.
026 A 386 GR Y 19.6 MT NO POR DM 397-396.
","2019-07-31","2000-01-01","2019-07-31","2000-01-01",42,"42.450.A.1","IFN4","42_450",38.7860335195531,6383.99478309,3439.44444614662,17.8656467777778,186.175915652386,0,34.2901215805471,18.4741642553191,34.9544667995397,19.0949720670391,53.8760535214888,49.2315669696228,318.824427652665,38.381259600536,71.4355733654357,-2.77052229526285,42.0190568492937,"2008_2021",2.06547619047619,12.25,7.15773809523809,851.471427713122,49.6260884148498
"164","42_459_A_1",42.459,21,26,NA,17.3059400277778,3.24605833333333,NA,378.010673725817,42.4413181578388,NA,41932,42,459,"A","1",0,1985,"M","0012",2000,"","4-4",2019,1,1,1,95,70,1,1,1,2,2,4,1,2,1,1,11,2,NA,NA,1,0,0,0,0,285,NA,2.25,NA,1,1,1,"[Identificación] PARCELA LOCALIZADA POR FOTOGRAFIA AEREA Y PIES MAYORES IFN3.
PARCELA SITUADA EN UN BOSQUE DE PINO SILVESTRE CON PINASTER Y REBOLLO EN MENOR PROPORCION 
NO CONSIDERO AL SILVESTE BOSQUE DE PLANTACIONES PORQUE YA ESTA LA MASA MUY MEZCLADA CON PIES PROCEDENTES DE PLANTACION Y OTROS DE SEMILLA, ADEMAS YA NO SE APRECIAN CALLESY OTROS ELEMENTOS TIPICOS DE LAS PLANTACIONES.
[ClaEsp] NO DOY OCUPACION AL PINASTER.
[Pies Mayores] PIE 4 ALTURA COMPROBADA. AFECTADO POR DOMINANCIA.
PIE 18 DIAMETROS Y LTURA COMPROBADOS.
021 A 71 GR Y 15.4 MT NO POR DM 422-411.
021 A 104 GR Y 18.8 MT NO POR DM 419-416.
021 A 199 GR Y 17 MT NO POR DM 441-403
021 A 265 GR Y 12 MT NO POR DM 202-197.
021 A 292 GR Y 9.98 MT ESTA JUSTO POR DIST. Y NO POR DM 113-128.
021 A 304 GR Y 7.5 MT NO POR DM 112-118.
021 A 314 GR Y 10.12 MT, LATERAL CINTA, NO POR DIST. PENDIENTE 2.00 Y DM 202-201.","2019-06-04","2000-01-01","2019-06-04","2000-01-01",42,"42.459.A.1","IFN4","42_459",38.7510362694301,9211.47076653035,4539.14143611729,20.5519983611111,420.451991883656,0,21.9084959623149,10.7958614151918,24.9473190063713,16.2082902373057,49.2770541335283,41.8267272250784,419.030879584264,30.0887806293288,56.001530916221,-2.86749878617008,41.8480862493987,"2008_2021",4.64880952380952,15.8452380952381,10.2470238095238,498.378572651318,24.6149052492787
"165","42_460_A_1",42.46,21,26,NA,30.1945904444444,14.5288918888889,NA,318.592828304843,102.425047820918,NA,41933,42,460,"A","1",0,1985,"M","0012",2000,"","4-4",2019,1,1,1,95,80,1,2,1,1,2,4,1,2,1,1,5,2,NA,NA,1,0,0,0,0,53,NA,1.25,NA,2,2,1,"[Identificación] PARCELA LOCALIZADA POR FOTOGRAFIA AEREA Y PIES MAYORES IFN3.
[Localización] RUMBOS DE FOTO COMPROBADOS.
[Pies Mayores] PIES 7, 8, 9, 13, 17, 18, 19, 27, 28, 29, 30, 34, 35, 38 ALTURAS COMPROBADAS.
PIES 8, 4, 19, 20, 23, 29, 33 DIAMETROS COMPROBADOS (PERDIDA DE CORTEZA).
PIE 20 IFN3 (999 IFN4) DIST. LATERAL CIONTA 15.06 MT PENDIENTE 0.25
PIE 36 IFN3 (999 IFN4 DIAMETROS COMPROBADOS. PRESENTA PERDIDA DE CORTEZA.
PIE 35 PAE COMPROBADO. NO BIF. POR DEBAJO POR LEHAN CORTADO LA BIFURCACION Y SOLO QUEDA UN PIE.

021 A 155 GR Y 21.5 MT NO POR DM 395-409.
021 A 366 GR Y 15.3 MT NO POR DIST. DM 284-277.
","2019-06-19","2000-01-01","2019-06-19","2000-01-01",42,"42.460.A.1","IFN4","42_460",46.3466494845361,15142.3549634142,7593.60060518861,44.7234823333333,421.01787612576,0,35.966061827957,18.0362902284946,36.7766864649156,19.4407215979381,50.1480821413556,41.9463366050327,782.259490434187,25.0690196639244,46.6587030243482,-2.85545325671839,41.8480717218215,"2008_2021",4.64880952380952,15.8452380952381,10.2470238095238,498.378572651318,24.6149052492787
"176","42_632_A_1",42.632,21,26,43,11.5726417777778,10.1816180555556,3.63014236111111,101.293279336709,185.468560349755,88.4194128288307,42055,42,632,"A","1",0,2000,"","1-4",1985,"K","0005",2019,1,1,1,85,80,1,1,4,3,2,4,1,2,1,1,8,4,NA,NA,1,0,0,0,0,304,78,18.5,3.75,1,2,3,"[Pies Mayores]N11 Y N12 PAES COMP.N13 Y N14 PAES COMP.DEL ARBOL N19 SALE UNA RAMA CONSIDERADA COMO TAL.N25 MEDIDO A 1.1MT.PINO A 398G NO ENTRA POR DIST.","2019-07-15","2000-01-01","2019-07-15","2000-01-01",42,"42.632.A.1","IFN4","42_632",40.4454787234043,10374.603384858,4214.55026351525,25.3844021944444,375.181252515295,0,27.6522435897436,11.2333711646305,29.3506663115786,12.3648937268617,40.6237241769308,30.571757628144,485.371474138099,41.7531309413925,77.7113330735722,-2.73470070577266,41.9199088483921,"2008_2021",3.10714285714286,13.5714285714286,8.33928571428572,702.942859275,38.3298930081792
"179","42_650_A_1",42.65,26,21,NA,29.207881,22.4545954722222,NA,205.981864126044,277.707691812792,NA,42065,42,650,"A","1",0,1985,"L","0006",2000,"","3-2",2019,1,1,1,95,85,1,2,2,3,1,4,1,2,1,1,8,2,NA,NA,0,0,NA,0,NA,225,NA,4.75,NA,1,2,2,"PARCELA LOCALIZADA POR ORTOFOTO-CROQUIS Y PIES IFN 3.
[Regeneración]PONGO REGENERACION DE LOS DOS PINOS YA QUE SON MUY PEQUENOS Y NO SE DISTINGUEN.
[Matorral]NO SE OBSERVA TOMILLO.
[Pies Mayores]PIE 7 PAE COMPROBADO.
PIE 9 FORMA COMPROBADA.
A 158 G Y 18.1 M UN 021 NO POR DIAMETRO 413-421.
A 198 G Y 15.8 M UN 021 NO POR DIAMETRO 413-435.
PIE 999-999 NO ENTRA POR DISTANCIA 25.15 M AL LATERAL.
PIE 35 DIAMETRO Y ALTURA COMPROBADA.
PIE 39 DIAMETRO COMPROBADO.","2019-05-30","2000-01-01","2019-05-30","2000-01-01",42,"42.650.A.1","IFN4","42_650",49.7325,16825.8818043343,8666.63030679315,51.6624764722222,483.689555938836,0,34.7865311494589,17.9177536508336,36.8773168327454,21.2999998,51.5077331909028,42.8291354747901,902.654800094161,21.3470096122302,39.7312617448813,-2.73473800176287,41.9109024131996,"2008_2021",4.51785714285714,15.4404761904762,9.97916666666667,532.821429235595,26.6688515154416
"189","42_725_A_1",42.725,26,21,43,14.7113622222222,9.28222152777778,1.199025,152.78874536822,261.721461973339,127.323954473516,42107,42,725,"A","1",0,1985,"M","0003",2019,"","",2019,1,1,2,95,75,1,2,2,1,2,4,1,2,1,1,7,3,NA,NA,1,0,0,0,0,233,NA,1.5,NA,2,2,1,"[Identificación] PARCELA LOCALIZADA POR CROQUIS IFN3 Y PIES MAYORES.
PARCELA SITUADA EN UN PINAR MEZCLADO DE SILVESTRE Y PINASTER.
SE APRECIAN CABALLONES.
HAY CORTAS RECIENTES DESAPARECIENDO ALGUNOS PIES DE IFN3.
[Suelo] COMPROBADA MATERIA ORGANICA.
[Riesgos] MODELO CUMBUSTIBLE 07 TENIENDO EN CUENTA EL MATORRAL Y EL ROBLE.
[Pies Mayores]
PIE 7 DIST. LATERAL CINTA 14.98 MT.
PIE 24 NO BIF. POR DEBAJO.
021 A 243 GR Y 11.3 MT NO POR DM 213-213.
026 A 321 GR Y 15.8 MT NO POR DM 410-365.
021 A 350 GR Y 10.5 MT NO POR DM 203-210.
026 A 362 GR Y 24.2 MT NO POR DM 419-420.
021 A 364 GR Y 10.11 MT, LATERAL CINTAE, NO POR DIST. PENDIENTE 1.00
NO BARRENO POR NO DISPONER DE BARRENA.","2019-04-25","2000-01-01","2019-04-25","2000-01-01",42,"42.725.A.1","IFN4","42_725",37.3207692307692,12142.3125803441,6305.45007623169,25.19260875,541.834161815075,0,22.4096475195822,11.6372324238642,24.3309148430927,14.6866666646154,51.9295647720262,39.3525293484758,518.748630754776,29.2511921278573,54.4426030574262,-2.80727123907301,41.848000978981,"2008_2021",4.76190476190476,16.0119047619048,10.3869047619048,494.607142090797,24.2610218602201
"195","42_841_A_1",42.841,26,21,NA,29.9120694722222,8.94156041666667,NA,425.969363244175,311.236333157484,NA,42169,42,841,"A","1",0,2000,"","2-2",1982,"01","4874",2019,1,1,1,90,85,1,2,1,3,2,4,1,2,1,1,5,3,NA,NA,0,0,0,0,0,98,NA,4.5,NA,1,2,2,"[Pies Mayores]10% RESTANTE AL PINO LARICION15 ALTURA COMP.
[Localización]RUMBOS DE FOTOS COMP.N25 PAE COMP.PINASTER A 271G NO ENTRA POR DM.(COMP)N32 ALTURA COMP","2019-03-14","2000-01-01","2019-03-14","2000-01-01",42,"42.841.A.1","IFN4","42_841",38.0532608695652,17638.5693850796,8498.26558816122,38.8536298888889,737.205696401659,0,23.9262521588946,11.5276721675398,25.904577748731,14.8141304467391,48.1800162055651,38.9299894627096,780.484493729325,24.8616240146526,46.2726962264103,-3.20468813107952,41.8209603284744,"2008_2021",5.07142857142857,16.547619047619,10.8095238095238,470.864285503115,22.6273455276096
"196","42_875_A_1",42.875,26,21,NA,14.2353979166667,7.13727013888889,NA,251.111132433879,261.721461973339,NA,42189,42,875,"A","1",0,2000,"","2-1",1984,"J","0009",2019,1,1,1,100,70,1,2,2,1,2,4,1,2,1,1,7,4,NA,NA,0,0,0,0,0,178,NA,7.5,NA,1,2,2,"[Regeneración]
[Selvicultura]CORTAS ANTIGUAS.SUELO ATERRAZADO PERDIENDO FORMA YA LAS TERRAZAS0","2019-04-26","2000-01-01","2019-04-26","2000-01-01",42,"42.875.A.1","IFN4","42_875",33.45,10965.4219013803,6693.70329387049,21.3726680555556,512.832594407218,0,21.3820689655172,13.05241392,23.0354457005001,15.53750015,61.0437368855631,46.4499257100149,449.705791512772,28.4204561504814,52.8964291830723,-3.01204220281337,41.8301487411333,"2008_2021",4.82142857142857,16.1011904761905,10.4613095238095,484.399999311992,23.6739490572843
"197","42_883_A_1",42.883,21,26,NA,15.7098031111111,7.797809,NA,179.951188989236,40.7436654315252,NA,42195,42,883,"A","1",0,1985,"J","0013",2000,"","2-2",2019,1,1,1,95,70,1,1,1,2,2,4,1,2,1,1,5,3,NA,NA,1,0,0,0,0,15,NA,2.75,NA,2,2,1,"[Identificación] PARCELA LOCALIZADA POR EL AUXILIAR MIGUEL JULIO VOCES POR MEDIO DE GPS, CROQUIS IFN3 Y PIES MAYORES.
[Pies Mayores] PIES 1, 2, 4 ALTURAS COMPROBADAS.
PIE 4 TIENE MUERGADO.
PIE 13 MEDIDO A 0.9 MT PARA EVITAR ENGROSEMIENTO PROCEDENTE DE LA BIFURACION.
PIE 20 TIENE UNA ESCOBA DE BRUJA.
PIE 22 BIFURCADO A 10.9 MT DE ALTURA.
021 A 25 GR Y 18.8 MT NO POR DM 379-412.
021 A 50 GR Y 21.9 MT NO POR DM 409-404.
021 A 235 GR Y 18 MT NO POR DM 415-415.
021 A 251 Y 253 GR CON DISTANCIAS 18.5 Y 18.6 MT ESTAN BIF. POR DEBAJO DE 1.30 MT Y NO ENTRAN POR DIAMETRO. SE MIDEN A 1.40 MT PORQUE A 1.30 MT ESTAN ALGO UNIODOS Y NO SE PUEDEN MEDIR CORRECTAMENTE.
021 A 287 GR Y 15.6 MT NO POR DM 405-384.
021 A 315 GR Y 23 MT NO POR DM 406-402.
026 A 387 GR Y 24.5 MT NO POR DM 389-394.","2019-08-05","2000-01-01","2019-08-05","2000-01-01",42,"42.883.A.1","IFN4","42_883",43.3802631578947,7874.13775782383,4291.43978901386,23.5076121111111,220.694854420762,0,35.6788461538462,19.445128434359,36.8267347320617,20.7952633389474,54.5004408228678,47.9371535005611,410.951387749835,32.3697594355985,60.246910837468,-2.91570462340773,41.8301184416596,"2008_2021",4.375,15.8214285714286,10.0982142857143,511.821425625256,25.4660149578093
"198","42_897_A_1",42.897,21,26,NA,20.0563944444444,8.59879444444445,NA,332.456992236404,99.0297423682904,NA,42203,42,897,"A","1",0,1984,"J","0009",2000,"","2-1",2019,1,1,1,100,95,1,1,2,2,2,4,1,2,1,1,8,4,NA,NA,1,0,0,0,0,40,NA,4.5,NA,1,2,2,"[Pies Mayores]021 A 174G NO ENTRA POR DIST.(COMP)","2019-05-10","2000-01-01","2019-05-10","2000-01-01",42,"42.897.A.1","IFN4","42_897",35.71875,12351.484616885,7623.87546024137,28.6551888888889,431.486734604694,0,28.6254098360656,17.6688524786885,29.0785651437562,18.875,61.7243651003637,52.843394575678,549.93119521368,25.5052341802913,47.470589721432,-3.01204051522316,41.8211420675425,"2008_2021",4.82142857142857,16.1011904761905,10.4613095238095,484.399999311992,23.6739490572843
"199","42_903_A_1",42.903,26,21,NA,8.91081458333333,5.29667638888889,NA,190.985931710274,169.765272631355,NA,42207,42,903,"A","1",0,2000,"","2-1",1984,"J","0012",2019,1,1,2,100,45,1,1,1,1,1,4,1,2,1,1,7,6,NA,NA,1,4,0,0,0,60,NA,1,NA,1,2,1,"[Regeneración]NO HAY REGENERACION.
[Coor. gps]DENDROMETRIA HECHA POR EL AUXILIAR","2019-04-09","2000-01-01","2019-04-09","2000-01-01",42,"42.903.A.1","IFN4","42_903",28.075,7823.17280826929,3443.05192186734,14.2074909722222,360.751204341629,0,21.6857843137255,9.54411760911765,22.3928751580304,10.4499998025,44.010940397839,37.2217268121104,302.301567581641,50.3825126894391,93.7724222451304,-2.9397974392694,41.8211269225599,"2008_2021",4.47619047619048,15.7380952380952,10.1071428571429,512.999999897821,25.5133214869254
"200","42_904_A_1",42.904,26,21,NA,23.6821668888889,7.47957888888889,NA,175.4241150524,71.8672987472736,NA,42208,42,904,"A","1",0,1985,"J","0013",2000,"","2-2",2019,1,1,1,95,75,1,1,1,1,2,4,1,2,1,1,7,3,NA,NA,1,0,0,0,0,377,NA,3,NA,3,2,2,"[Identificación] PARCELA LOCALIZADA POR FOTOGRAFIA AEREA Y PIES MAYORES IFN3.
[Pies Mayores] PIES 8, ALTURAS COMPROBADAS.
PIE 23 BIFURCADO A 14.6 MT DE ALTURA.
PIE 26 BIFURCADO A 8.9 MT DE ALTURA.

026 A 17 GR Y 16.3 MT NO POR DM 405-399.
026 A 60 GR Y 24.6 MT NO POR DM 386-389.
026 A 79 GR Y 19.3 MT NO POR DM 419-400.
026 A 159 GRY 19.1 MT NO POR DM 413-409.
026 A 172 GR Y 22.8 MT NO POR DM 428-405.
026 A 213 GR Y 18.9 MT NO POR DM 429-412.
026 A 222 GR Y 23.9 MT NO POR DM 399-402.
026 A 236 GR Y 23.4 MT NO POR DM 393-421.
026 A 275 GR Y 19.6 MT NO POR DM 389-394.
","2019-06-20","2000-01-01","2019-06-20","2000-01-01",42,"42.904.A.1","IFN4","42_904",46.3572192513369,9738.18874552821,4722.30404167174,31.1617457777778,247.291413799674,0,39.3794050343249,19.096110006865,40.0554329856822,20.935829026738,48.4926321010181,45.1619604558878,526.971247301545,30.3742328744304,56.5328174088873,-2.92775693558516,41.8211199811132,"2008_2021",4.47619047619048,15.7380952380952,10.1071428571429,512.999999897821,25.5133214869254
"201","42_915_A_1",42.915,21,26,NA,24.5661013888889,17.73265,NA,831.142480591009,212.206590789194,NA,42215,42,915,"A","1",0,1984,"J","0007",2000,"","1-2",2019,1,1,1,95,75,1,2,1,2,2,4,1,2,1,1,8,4,NA,NA,0,0,0,0,0,183,NA,5,NA,1,1,1,"[ClaEsp. Resto de especies=10%]
[Regeneración]","2019-03-27","2000-01-01","2019-03-27","2000-01-01",42,"42.915.A.1","IFN4","42_915",35.15,22602.8313402597,14939.6976812356,42.2987513888889,1043.3490713802,0,21.6637288135593,14.3189830623729,22.7197744826478,17.1125002,66.0965763816737,48.6842110953058,894.879101609921,18.0913808749898,33.6718539002646,-3.04815530592029,41.8121259170785,"2008_2021",5.03571428571429,16.4464285714286,10.7410714285714,465.871428796223,22.4613000538859
"202","42_918_A_1",42.918,26,21,NA,33.9244224444444,11.8557004722222,NA,225.221928357598,129.163078260356,NA,42217,42,918,"A","1",0,1984,"J","0009",2000,"","2-1",2019,1,1,1,100,80,1,1,1,2,1,4,1,2,1,1,5,6,NA,NA,1,0,0,0,0,285,NA,4.25,NA,1,1,1,"[Pies Mayores]N4 INFO3 (PERDIDA DE CORTEZA POR RESINACION.N5 ALTURA COMP.E INCLINADO 21G.N6 INCLINADO 16G.N9 INCLINADO 17G.N16 INFO3 PERDIDA DE CORTEZA POR RESINACION.N18 ALTURA COMP.N20 INCLINADO 22G.N23 PAE COMP.N34 DMS COMP.
LOS DM. ESTAN TODOS COMPROBADOS (PERDIDA DE CORTEZA POR LA RESINACION).","2019-04-29","2000-01-01","2019-04-29","2000-01-01",42,"42.918.A.1","IFN4","42_918",50.525,13823.4839281064,6898.10062456821,45.7801229166667,354.385006617954,0,39.0069660678643,19.4649900411976,40.5560702648733,22.13999986,49.9013176449879,43.819890865908,770.391161713265,23.9930089770831,44.6560214771076,-2.99999999999999,41.8121360105629,"2008_2021",4.53571428571429,15.7142857142857,10.125,513.042856454849,25.4928127430981
"203","42_935_A_1",42.935,26,21,NA,18.4197944444444,5.47476111111111,NA,268.795014999645,134.397507499823,NA,42225,42,935,"A","1",0,2000,"","1-2",1984,"J","0008",2019,1,1,1,90,75,1,2,1,2,2,4,1,2,1,1,8,3,NA,NA,1,0,0,0,0,222,NA,1.75,NA,1,1,1,"[Pies Mayores]DENDROMETRIA HECHA POR EL AUXILIAR ","2019-04-25","2000-01-01","2019-04-25","2000-01-01",42,"42.935.A.1","IFN4","42_935",32.93125,10841.6347234199,4949.36504076453,23.8945555555556,403.192522499468,0,26.8894736842105,12.2754385673684,27.4693449554354,13.274999975,45.6514646271286,40.3112544315809,468.997234558235,37.5153702049203,69.8239716074259,-3.03611142397655,41.803123632509,"2008_2021",4.82142857142857,16.1011904761905,10.4613095238095,484.399999311992,23.6739490572843
"204","42_957_A_1",42.957,21,26,25,16.1082028888889,12.6354005555556,1.199025,295.108632257506,142.602829010338,14.1471060526129,42240,42,957,"A","1",0,2000,"","2-1",1984,"J","0010",2019,1,1,1,100,90,1,2,1,3,2,4,1,2,1,1,5,3,NA,NA,0,0,0,0,0,220,NA,5.75,NA,1,1,1,"[Selvicultura]HAY CORTAS ANTIGUAS","2019-03-04","2000-01-01","2019-03-04","2000-01-01",42,"42.957.A.1","IFN4","42_957",37.9650537634409,12686.5588237412,5247.78413493388,29.9426284444444,451.858567320457,0,28.07639323732,11.613775890216,29.0468311007305,12.761290383871,41.3649139048909,33.6132551355944,574.886772271551,36.8641435295962,68.6119021905589,-2.98796454293351,41.7941219613809,"2008_2021",4.53571428571429,15.7142857142857,10.125,513.042856454849,25.4928127430981
"205","42_958_A_1",42.958,26,21,NA,34.6616569444444,6.49196666666667,NA,636.619772367581,247.574355920726,NA,42241,42,958,"A","1",0,1984,"J","0010",2000,"","2-1",2019,1,1,2,100,90,1,2,1,1,2,4,1,2,1,1,8,4,NA,NA,1,0,0,0,0,90,NA,8.75,NA,1,1,1,"[Pies Mayores]021 A 379G NO ENTRA POR DM","2019-04-04","2000-01-01","2019-04-04","2000-01-01",42,"42.958.A.1","IFN4","42_958",35.4375,20699.6918985319,12906.0511826357,41.1536236111111,884.194128288307,0,23.4108,14.5964000096,24.3436270921159,16.73749995,62.3490013566388,47.2310404232804,847.231896555493,20.0925749955791,37.3964958455184,-2.97592908663508,41.7941200700414,"2008_2021",4.53571428571429,15.7142857142857,10.125,513.042856454849,25.4928127430981
"206","42_959_A_1",42.959,26,21,NA,13.1128708333333,12.85140625,NA,236.964026381266,986.760647169751,NA,42242,42,959,"A","1",0,2000,"","2-1",1984,"J","0011",2019,1,1,2,100,80,1,1,2,1,2,4,1,2,1,1,6,3,NA,NA,0,0,0,5,0,120,NA,9,NA,1,2,1,"[Pies Mayores]021 A 98G NO ENTRA POR DM.021 A 142G NO ENTRA POR DM.N31 SP COMP.","2019-04-04","2000-01-01","2019-04-04","2000-01-01",42,"42.959.A.1","IFN4","42_959",30.59375,18538.8982878209,12415.1466829656,25.9642770833333,1223.72467355102,0,15.1495664739884,10.1453757951445,16.4361962657989,13.82500005,66.9680931963562,45.1889684984678,624.239317432499,20.6772605442977,38.4847182708871,-2.95185817941454,41.794112504685,"2008_2021",4.47619047619048,15.7380952380952,10.1071428571429,512.999999897821,25.5133214869254
"208","42_960_A_1",42.96,26,21,NA,19.6538173611111,6.27176388888889,NA,348.160279954804,134.397507499823,NA,42243,42,960,"A","1",0,1984,"J","0012",2000,"","2-1",2019,1,1,1,90,75,1,1,2,1,2,4,1,2,1,1,5,3,NA,NA,1,0,0,0,0,363,NA,8,NA,1,2,1,"[Matorral]ENCUENTRO CENTRO PARCELA.DEJO UN TROZO DE PLASTICO DENTRO DEL REJON.LAS FOTOGRAFIAS NO CORRESPONDEN CON LA PARCELA.
[Pies Mayores]N6 RUMBO COMP.","2019-04-05","2000-01-01","2019-04-05","2000-01-01",42,"42.960.A.1","IFN4","42_960",36.3614130434783,12112.5046278913,5906.69973496707,25.92558125,482.557787454627,0,25.100630313691,12.2403987429639,26.1543930483121,15.043478451087,48.7653042572699,41.3720952843584,518.817685058001,30.2605674307463,56.3212621804785,-2.93982273002851,41.7941068306694,"2008_2021",4.47619047619048,15.7380952380952,10.1071428571429,512.999999897821,25.5133214869254
"211","42_983_A_1",42.983,26,21,NA,24.9941308888889,15.0934251111111,NA,230.880770778643,160.711124757683,NA,42255,42,983,"A","1",0,2000,"","2-3",1984,"K","0010",2019,1,1,1,100,90,1,1,1,1,2,4,1,2,1,1,8,3,NA,NA,1,0,0,0,0,58,NA,4,NA,1,1,1,"[Pies Mayores]N1 DMS COMP.N7 FORMA Y DMS COMP.021 A 54G NO ENTRA POR DIST(COM)N8 ALTURA COMP.026 A 94G NO ENTRA POR DM(COMP)N16 ALTURA COMP.N19 DMS COMP.N24 MEDIDO A 1.5MTS.021 A 344G NO ENTRA POR DIST (COMP)","2019-02-28","2000-01-01","2019-02-28","2000-01-01",42,"42.983.A.1","IFN4","42_983",44.4497395833333,13887.1388317901,7071.91196109894,40.087556,391.591895536326,0,35.4632947976879,18.0593930612717,36.1029759153203,19.3468748354167,50.9241827762972,43.5252827502973,706.311859907555,26.119949353723,48.6147035761508,-2.95186491747288,41.785105777141,"2008_2021",4.70238095238095,16.3511904761905,10.5267857142857,491.185715011188,23.9290126495229
"284","9_2146_A_1",9.2146,26,21,NA,14.1354688888889,13.669274,NA,151.656976884011,137.509870831398,NA,9434,9,2146,"A","1",0,1982,"02","4779",1997,"","2-3",2018,1,1,2,100,90,1,2,1,3,2,5,1,2,1,1,5,2,NA,NA,1,0,NA,0,NA,40,NA,3,NA,3,3,2,"PARCELA LOCALIZADA POS PIES MAYORES, Y FOTOGRAFIAS AEREAS.
PARCELA LEBANTADA CON LLUVIA. 
[Pies Mayores]
A 18.8  Y 225G HAY UN 26 QUE NO ENTRA POR DIAMETRO (427-409) 
","2018-11-24","2000-01-01","2018-11-24","2000-01-01",9,"9.2146.A.1","IFN4","9_2146",39.6301075268817,10025.318409972,5973.64382334343,27.8047428888889,289.166847715408,0,34.6696673189824,20.6581213252446,34.9897025668165,22.2516127806452,59.5855770266762,56.1482523496853,495.996816665679,26.4279974277856,49.1880456452701,-3.28953929775919,41.9468697576328,"2008_2021",5.09523809523809,17.3988095238095,11.2470238095238,448.421428373882,21.1051407667214
"285","9_2179_A_1",9.2179,26,21,38,22.8349104166667,6.85063611111111,0.62805625,924.230438417202,84.8826363156775,31.8309886183791,9435,9,2179,"A","1",0,1982,"03","4816",1997,"","3-2",2018,1,1,1,100,80,1,2,1,1,2,4,1,2,1,1,7,3,NA,NA,1,1,0,0,0,220,NA,3,NA,2,2,2,"PARCELA LOCALIZADA MEDIANTE ORTOFOTO Y PIES IFN3. HAY CORTAS. 10% RESTO SP. SE CAMBIA BARRENADO DE TERMINAL, POR ESTAR BIFURCADO POR DEBAJO. HAY STAHELINA DUBIA. NO SE PUEDE BARRENAR PIE DE DIAMETRO MEDIO EN CALIDAD, YA QUE ATASCA BARRENA.
[Pies Mayores] PIE 3, 5 IFN4 FORMA COMPROBADA. PIE 6 IFN4 SALE TUMBADO, CON LO QUE LAS MEDIDAS SON DIFICULES DE MEDIR.","2018-05-23","2000-01-01","2018-05-23","2000-01-01",9,"9.2179.A.1","IFN4","9_2179",35.6545197740113,18278.1883439304,8908.27712836071,30.3136027777778,1040.94406335126,0,17.5592416417505,8.55788263941968,19.2557367820988,11.2237288144068,48.7371995557694,31.4791192969251,684.624922173043,27.6152601494542,51.3977905609012,-3.40994741614598,41.9104770296836,"2008_2021",5.27976190476191,16.7857142857143,11.0327380952381,472.714286361422,22.4751662965102
"286","9_2210_A_1",9.221,26,21,NA,19.4724416666667,4.73843194444444,NA,459.78094670992,141.471060526129,NA,9451,9,2210,"A","1",0,1982,"03","4818",1997,"","4-1",2018,1,1,1,90,60,1,2,1,2,2,4,1,2,1,1,5,4,NA,NA,1,0,0,0,0,135,NA,4.25,NA,1,3,1,"PARCELA LOCALIZADA Y LEVANTADA A TRAVES DE ORTOFOTO Y PIES IFN3. PARCELA LEVANTADA POR AUXILIAR V.WALSH. DEJO 10% AL RESTO DE ESPECIES. LEVANTEMIENTO 3 POR FUERTES LLUVIAS Y FALLOS CONTINUADOS EN TERMINAL.
[Pies Mayores]CAMBIO FORMAS 3 LOGICAS COMPROBADAS. 026 A 160G Y 13.7M SE VA POR DIAMETRO. PIE 10 RUMBO COMPROBADO. PIE 12 IFN4 FORMA Y ALTURA COMPROBADA. PIE 18 IFN4 FORMA COMPROBADA. PIES 021 A 381G Y 384G SE VAN POR DISTANCIA(COMPROBADOS CON CINTA METRICA).
[Regeneración] NO HAY REGENERACION. A MAS DE 5M HAY REGENERACION DE ENEBRO.","2018-05-25","2000-01-01","2018-05-25","2000-01-01",9,"9.2210.A.1","IFN4","9_2210",32.2125,13123.9166073577,6541.621841593,24.2108736111111,601.252007236049,0,21.8276470588235,10.8800000047647,22.6428985101549,12.774999975,49.8450427361414,39.6585175785797,512.895297668034,31.9235236943841,59.4163725393096,-3.25793447554075,43.0726429868347,"2008_2021",6.625,16.7321428571429,11.6785714285714,981.792853151049,45.2886324353037
"287","9_2215_A_1",9.2215,21,26,NA,16.4674820833333,11.9491851111111,NA,379.566855391605,758.426355480579,NA,9454,9,2215,"A","1",0,1982,"03","4820",1997,"","4-1",2018,1,1,1,100,70,1,2,2,2,2,4,1,2,1,1,7,3,NA,NA,1,0,0,0,0,290,NA,2.25,NA,2,2,1,"PARCELA LOCALIZADA MEDIANTE FOTO AEREA Y PIES MAYORES IFN3.
[ClaEsp. Resto de especies=10%]
[Suelo] ROCOSIDAD COMPROBADA 
[Pies Mayores]
PIE 2 ALTURA COMPROBADA 
PIE 12,20 DIAMETROS COMPROBADOS
PIE 21,29 CALIDAD COMPROBADA 
PIE 22 DISTANCIA COMPROBADA 
026 A 23.3 MTS Y 23 GRS NO POR DIAMETRO (401-400)
026 A 21.7 MTS Y 55 GRS NO POR DIAMETRO (425-415)
021 A 6.9 MTS Y 90 GRS NO POR DIAMETRO (118-122)
021 A 6.2 MTS Y 92 GRS NO POR DIAMETRO (108-110)
026 A 15.16 MTS CINTA Y LATERAL Y 101 GRS NO POR DISTANCIA (319-288)
021 A 14.6 MTS Y 206 GRS NO POR DIAMETRO (222-219)
PARCELA LOCALIZADA POR LA AUXILIAR VICTORIA VEGA.","2018-05-09","2000-01-01","2018-05-09","2000-01-01",9,"9.2215.A.1","IFN4","9_2215",39.2551075268817,16725.7061463757,10292.3449841162,28.4166671944444,1137.99321087218,0,14.6975447538538,9.0442938374192,17.8308396410495,16.0817205795699,61.5360863932577,40.96720552493,661.571346331287,18.4330691571533,34.3078074516238,-3.2892951236678,41.8928312990623,"2008_2021",4.96428571428571,16.7738095238095,10.8690476190476,470.414286834853,22.5412436361253
"288","9_2226_A_1",9.2226,21,26,38,22.6664895277778,6.88277822222222,2.6948875,354.809419799532,67.906109052542,318.309886183791,9461,9,2226,"A","1",0,1982,"03","4817",1997,"","3-2",2018,1,1,1,100,80,1,2,1,1,2,4,1,2,1,1,5,3,NA,NA,1,4,0,0,0,300,NA,3.75,NA,2,2,2,"PARCELA LOCALIZADA MEDIANTE ORTOFOTO Y PIES IFN3. 10% RESTO SP. SABINAS AFECTADAS POR GYMNOSPORANGIUM SABINAE. PINASTER AFECTADOS POR FUSARIUM. RUMBOS COMPROBADOS. HAY CORTAS. SE BARRENA OTRA SABINA, YA QUE LA SELECCIONADA POR TERMINAL, NO TIENE LOS DIAMETROS MINIMOS PARA BARRENADO. HAY EUPHORBIA.
[Pies Mayores] PIE 1 DIAMETROS, ALTURA Y FORMA COMPROBADOS. A 71G Y 23.4M SP026 SE VA POR DIAMETRO. A 92G Y 21.8M SP021 SE VA POR DIAMETRO. PIE 11 Y 12 IFN4 MEDIDOS A 1.4M PARA RESPETAR BIFURCACION Y COMPARATIVA. A 131G Y 12.9M SP026 SE VA POR DIAMETRO. PIE 15, 16 IFN4 ALTURA COMPROBADA. PIE 25 IFN4 DIAMETROS Y FORMA COMPROBADA.","2018-05-22","2000-01-01","2018-05-22","2000-01-01",9,"9.2226.A.1","IFN4","9_2226",40.5687817258883,15148.2896744033,7510.76940103899,32.24415525,741.025415035865,0,20.4423348606338,10.1356434592402,23.5376992521035,14.5659899137056,49.5816330587489,35.9044301900013,672.69875594757,25.2199048349713,46.9395319710336,-3.36156686538336,41.8836199364187,"2008_2021",5.08928571428571,16.4345238095238,10.7619047619048,484.371430890901,23.3298166254792
"290","9_2235_A_1",9.2235,21,26,NA,28.7592993055556,10.424942,NA,622.472666314968,100.161510852499,NA,9469,9,2235,"A","1",0,1982,"03","4815",1997,"","3-4",2018,1,1,1,90,80,1,1,1,2,2,4,1,2,1,1,8,4,NA,NA,1,0,0,0,0,235,NA,6.25,NA,2,2,1,"PARCELA LOCALIZADA POR AUX. MEDIANTE ORTOFOTO Y PIES IFN3. LOCALIZACION DIFICULTADA POR ESTAR LA PISTA EN 25M Y NO ESTAR DIBUJADA EN CROQUIS. FUERA DE 10M HAY LAVANDULA STOECHAS.
[Pies Mayores] 026 A 13M Y 51G SE VA POR DIAMETRO. PIE 11, 19, 42 IFN4 ALTURA COMPROBADA. PIE 12 Y 13 IFN4 MEDICION COMPLICADA YA QUE AMBOS PIES SE ESTAN SOLDANDO (RESPETO BIFURCACION IFN3). PIE 35 IFN3 ES 999 PORQUE AL LATERAL CON CINTA SE VA DE 10 (TOMO DATOS DE ARBOL PARA RESPETAR COMPARATIVA).","2018-06-05","2000-01-01","2018-06-05","2000-01-01",9,"9.2235.A.1","IFN4","9_2235",39.411581920904,18164.8346566838,9165.89586733153,39.1842413055556,722.634177167468,0,25.1369714173845,12.6840054856793,26.275532824203,13.0824859118644,50.4595612377838,33.1945211895325,782.717406528677,28.4348194746967,52.9231623416876,-3.43381748745998,41.8743631712656,"2008_2021",5.67857142857143,17.7619047619048,11.7202380952381,426.721428147384,19.6462592295863
"291","9_2243_A_1",9.2243,21,26,NA,21.7250159722222,18.3921151666667,NA,534.053253486138,412.954025675771,NA,9474,9,2243,"A","1",0,1982,"03","4819",1997,"","4-3",2018,1,1,1,100,85,1,1,2,2,1,4,1,2,1,1,7,6,NA,NA,0,0,0,0,0,30,NA,2.5,NA,2,2,2,"PARCELA LOCALIZADA MEDIANTE ORTOFOTO Y PIES MAYORES IFN3.
[Localización]SE REDUCE DISTANCIA FOTO 2 DEBIDO A LA VEGETACION 
[Pies Mayores]
PIE 4 PAE COMPROBADO
PIES 3,4,13,17,22,24,36 CALIDAD COMPROBADA 
PIE 11 CALIDAD Y FORMA COMPROBADAS.
PIE 36 DISTANCIA Y CALIDAD COMPROBADA 
026 A 25.1 MTS Y 39 GRS NO POR DISTANCIA NI DIAMETRO (420-423)
021 A 10.1 MTS (CINTA Y LATERAL) Y 120 GRS NO POR DISTANCIA (200-206)
026 A 12.5 MTS Y 133 GRS NO POR DIAMETRO (222-223)
021 A 5.8 MTS Y 191 GRS NO POR DIAMETRO (119-126)
021 A 19.5 MTS Y 215 GRS NO POR DIAMETRO (430-415)
021 A 7.1 MTS Y 222 GRS NO POR DIAMETRO (118-127)","2018-05-31","2000-01-01","2018-05-31","2000-01-01",9,"9.2243.A.1","IFN4","9_2243",38.2247311827957,20252.7070092466,11922.9546103768,40.1171311388889,947.007279161909,0,21.3860098595757,12.5901404062369,23.2243375357341,16.0193548946237,58.870918366287,41.9083519986497,841.392537063669,20.2851544381164,37.7549265754953,-3.32536508451398,41.8747216358144,"2008_2021",5.26785714285714,16.5238095238095,10.8958333333333,462.79999932221,22.1479560991686
"292","9_2247_A_1",9.2247,21,26,NA,30.9768603888889,26.1282514722222,NA,464.873904888861,230.456357597064,NA,9475,9,2247,"A","1",0,1982,"03","4821",1997,"","4-4",2018,1,1,1,100,85,1,1,1,2,2,4,1,2,1,1,8,6,NA,NA,1,0,0,0,0,260,NA,4.5,NA,2,2,1,"PARCELA LOCALIZADA MEDIANTE ORTOFOTO, FOTOGRAFIAS Y PIES MAYORES. HAY CORTAS.
[Selvicultura] CLAREO RECIENTE. HA LLOVIDO ABUNDANTEMENTE EN LEVANTAMIENTO.
[Pies Mayores] A 16.8M Y 167G 021 SE VA POR DIAMETRO (399MM-421MM). PIES AFECTADOS POR FUSARIUM. PIE 4, 22, 29, 31, 34, 40 IFN4 DIAMETROS COMPROBADOS (INFERIORES POR PERDIDA DE CORTEZA). PIE 31, 34 IFN4 ALTURA COMPROBADA. PIE 33 IFN4 ENTRA POR PENDIENTE (4.25 DE PTE Y LATERAL 25.43M CON CINTA METRICA). A 156G Y 15.6M 026 REFERENCIA BIFURCADO POR ARRIBA. ","2018-06-12","2000-01-01","2018-06-12","2000-01-01",9,"9.2247.A.1","IFN4","9_2247",46.1108108108108,21719.0969929181,14025.5400748216,57.1051118611111,695.330262485925,0,31.2356561546287,20.1710479631333,32.336796005327,20.9908106875676,64.5769945195923,45.5225365125139,1050.89924849638,18.0665497990649,33.6256380604397,-3.26511298431478,41.8748765298023,"2008_2021",5.11309523809524,16.4047619047619,10.7589285714286,471.249999386924,22.7010752392841
"293","9_2249_A_1",9.2249,21,26,NA,33.3798555555556,6.881759,NA,434.599097936269,57.7201926946607,NA,9476,9,2249,"A","1",0,1982,"03","4822",1997,"","4-4",2018,1,1,1,100,75,1,1,2,2,2,4,1,2,1,1,5,4,NA,NA,0,0,0,0,0,100,NA,4.25,NA,2,2,2,"PARCELA LOCALIZADA MEDIANTE FOTO AEREA Y PIES MAYORES IFN3.
[ClaEsp. Resto de especies=10%]
[Selvicultura] LAS CORTAS QUE SE OBSERVAN SON MUY ANTIGUAS.
[Pies Mayores]
PIE 3,6,9,13,16,18,19,20,26,33,35,37 DIAMETROS COMPROBADOS
PIE 5,10 ALTURA Y DIAMETRO COMPROBADOS
PIE 23,29 FORMA COMPROBADA 
PIES 25 Y 26 MEDIDOS A 1.60 MTS JARA RESPETAR LA BIFURCACION 
021 A 1.6 MTS Y 58 GRS NO POR DIAMETRO (213-218)
021 A 12.8 MTS Y 143 GRS NO POR DIAMETRO (219-225)
021 A 12.8 MTS Y 190 GRS NO POR DIAMETRO (225-213)
021 A 19.65 MTS Y 228 GRS NO POR DIAMETRO (411-416)
FUERA DE 25 MTS  HAY MAJUELO Y REBOLLO 
PARTE DE A PARCELA LEVANTADA POR LA AUXILIAR VICTORIA VEGA","2018-05-11","2000-01-01","2018-05-11","2000-01-01",9,"9.2249.A.1","IFN4","9_2249",39.5117948717949,15651.5376044599,8820.94695463927,40.2616145555556,492.31929063093,0,31.7914367816092,17.9171263903448,32.268384717845,18.5148719210256,56.3583411263425,46.8591011395494,741.550252634849,24.3419777613958,45.3055255698203,-3.24101201999544,41.8749296365763,"2008_2021",4.98214285714286,16.4345238095238,10.7083333333333,474.785714098385,22.9272779443888
"294","9_2259_A_1",9.2259,26,21,NA,26.6283993333333,12.6612166944444,NA,185.610031410281,224.373101994441,NA,9482,9,2259,"A","1",0,1982,"04","4827",1997,"","4-4",2018,1,1,1,95,85,1,2,1,1,2,4,1,2,1,1,5,3,NA,NA,1,0,0,0,0,31,NA,1.75,NA,1,2,1,"PARCELA LOCALIZADA MEDIANTE ORTOFOTO Y PIES MAYORES IFN3.
[Riesgos] MOD COMBUSTIBLE COMPROBADO DENTRO DE FA PARCELA NAY ZONAS CON 07.
[Pies Mayores]
021 A 13.2 MTS Y 8 GRS NO POR DIAMETRO (220-226)
021 A 15.1 MTS Y 63 GRS NO POR DIAMETRO (434-413)
021 A 11.2 MTS Y 146 GRS NO POR DIAMETRO (228-217) 
021 A 11.8 MTS Y 192 GRS O POR DIAMETRO (218-226)
026 A 15.1 MTS Y 275 GRS NO POR DISTANCIA (366-390)
021 A 6.4 MTS Y 352 GRS O POR DIAMETRO (116-120)
PIES 1,2,3,8,10,11,20,21,23,36 TIENE TAMBIEN RESINACION ABANDONADA POR EL METODO DE HUGHES CASI CERRADA
PIES 2,3,11,20,23,25,32 DIAMETRO COMPROBADO
PIE 11,20 BIFURCACION COMPROBADA 
PIES 12,29 EN IFN3 AHORA NO ENTRAN POR DIAMETRO AL ESTAR RESINADOS","2018-06-20","2000-01-01","2018-06-20","2000-01-01",9,"9.2259.A.1","IFN4","9_2259",46.3842245989305,13688.2658884555,7921.36084072147,39.2896160277778,409.983133404722,0,33.3873878536922,19.3211871301587,34.9309949872681,21.9422461005348,57.8697177953143,47.3054067201992,701.335562998699,22.5079490353737,41.8920134814823,-3.22892937735433,41.865947762408,"2008_2021",4.98214285714286,16.4345238095238,10.7083333333333,474.785714098385,22.9272779443888
"295","9_2270_A_1",9.227,26,21,NA,18.8105368055556,17.3230680555556,NA,243.188753044416,484.538382301992,NA,9490,9,2270,"A","1",0,1982,"04","4827",1997,"","4-4",2018,1,1,1,100,70,1,2,1,2,2,4,1,2,1,1,8,6,NA,NA,0,0,0,0,0,250,NA,1,NA,1,2,1,"PARCELA LOCALIZADA MEDIANTE ORTOFOTO Y PIES MAYORES IFN3.
[ClaEsp. Resto de especies=20%]
[Riesgos] MOD COMBUSTIBLE MIXTO CON 05 Y 02.
[Selvicultura] TOCONES CORTADOS MUY ANTIGUOS.
[Pies Mayores]
LOS PIES 3,4,7,8,9,12,18,21,23,25,31 ESTAN MARCADOS PARA SU CORTA.
PIE 3,31 DIAMETRO, CALIDAD  Y ALTURA COMPROBADOS.
PIE 8,16,28,32,33,35 CALIDAD COMPROBADA 
PIE 21 ALTURA, FORMA Y CALIDAD COMPROBADA
PIE 22,30,34,36 DIAMETRO Y CALIDAD COMPROBADA  
026 A 9 MTS Y 40 GRS NO POR DIAMETRO (121-118)
BARRENA ATASCADA","2018-06-14","2000-01-01","2018-06-14","2000-01-01",9,"9.2270.A.1","IFN4","9_2270",42.2338709677419,16485.3751087539,8659.04753365011,36.1336048611111,727.727135346409,0,22.6532367807154,11.8987558840008,25.1435398604616,16.3268817430108,52.525632425871,38.6582649634014,734.444968157108,22.7045275005832,42.25788723132,-3.36842198870076,43.063335922983,"2008_2021",6.73809523809524,16.827380952381,11.7827380952381,967.885716029576,44.4336112291211
"296","9_2272_A_1",9.2272,21,26,38,16.71699225,5.97759988888889,3.83775,618.511476620237,111.196253573538,413.802852038928,9492,9,2272,"A","1",0,1982,"04","4834",1997,"","3-4",2018,1,1,1,100,80,1,2,1,2,2,5,1,1,1,1,4,4,NA,NA,0,0,0,0,0,395,NA,4.5,NA,1,2,1,"PARCELA LOCALIZADA MEDIANTE ORTOFOTO Y PIES IFN3. 10% RESTO SP. HAY SALVIA. HAY EUPHORBIA. HAY STAHELINA DUBIA. 
[Pies Mayores] PIE 5, 7, 19 PAE COMPROBADO. A 13.7M Y 15G 021 SE VA POR DIAMETRO. A 23.8M Y 63G 021 SE VA POR DIAMETRO. PIE 19, 23, 27 IFN4 FORMA COMPROBADA. A 378G Y 12.6M 021 SE VA POR DIAMETRO.","2018-06-06","2000-01-01","2018-06-06","2000-01-01",9,"9.2272.A.1","IFN4","9_2272",36.938418079096,17124.5272131049,8958.17401053635,26.5323421388889,1143.5105822327,0,14.9753989855252,7.83392313960534,17.1878976858381,10.9627119953107,52.3119493989937,29.6783472747434,626.72786387753,26.975027818249,50.2061839241536,-3.42158980951372,41.8473889370679,"2008_2021",5.67857142857143,17.7619047619048,11.7202380952381,426.721428147384,19.6462592295863
"306","9_2360_A_1",9.236,26,21,43,27.9832036666667,10.32061875,1.60930625,208.811285336567,240.50080289442,63.6619772367581,9540,9,2360,"A","1",0,1985,"K","0008",1997,"","2-3",2018,1,1,1,80,75,1,2,4,1,1,4,1,2,1,1,9,3,NA,NA,1,0,NA,0,NA,320,NA,7,NA,1,2,3,"PARCELA LOCALIZADA POR FOTOGRAFIAS AEREAS, CROQUIS, Y PIES MAYORES 
[Pies Mayores]
PIES 3-7-27-33 DIAMETRO COMPROBADO.
PIE 38 ALTURA COMPROBAD.","2018-11-13","2000-01-01","2018-11-13","2000-01-01",9,"9.2360.A.1","IFN4","9_2360",45.1796391752577,15086.0353342188,8917.88293030571,39.9131286666667,512.974065467744,0,29.4089630446773,17.3846662641202,31.4749639167011,20.485566828866,59.1134962416387,45.3424755107047,742.396484492331,21.5528303419761,40.1143372872923,-3.45431824027853,43.0540224512918,"2008_2021",6.03571428571429,16.375,11.2053571428571,956.292854785919,45.0967577835886
"314","9_2397_A_1",9.2397,21,26,43,21.413159,9.601798,0.950625,246.725529557569,49.7978133051975,14.1471060526129,9565,9,2397,"A","1",0,1985,"K","0006",1997,"","1-4",2018,1,1,1,90,75,1,2,3,1,2,4,1,2,1,1,5,2,NA,NA,1,0,NA,0,NA,60,NA,8.25,NA,2,3,2,"PARCELA LOCALIZADA POR FOTOGRAFIAS AEREAS  Y PIES MAYORES
BARRENA ATASCADA
[Pies Mayores]
PIES 3-6 ALTURAS COMPROBADAS
PIE 6 MEDIDO A 1.20M 
PIES 21-23 DIAMETROS COPROBADOS
","2018-10-18","2000-01-01","2018-10-18","2000-01-01",9,"9.2397.A.1","IFN4","9_2397",44.5896984924623,10931.2424931572,6585.30809135371,31.965582,310.67044891538,0,35.1859744990892,21.1970855752277,36.1948178067741,22.5738690994975,60.2429970378576,50.6257495849933,562.644003727326,25.132982287476,46.7777508809043,-3.06029559009704,41.9201994967724,"2008_2021",4.45833333333333,15.547619047619,10.0029761904762,545.7499983481,27.2834398817083
"315","9_2400_A_1",9.24,21,26,43,22.6039288888889,13.6008711111111,0.933156,296.664813923293,97.3320896419769,5.09295817894065,9566,9,2400,"A","1",0,1985,"K","0008",1997,"","1-4",2018,1,1,1,80,70,1,2,3,1,2,4,1,2,1,1,5,2,NA,NA,1,0,0,0,0,248,NA,5,NA,2,2,2,"PARCELA LOCALIZADA POR FOTOGRAFIAS AEREAS, CROQUIS Y PIES MEYORES
PARCELA LOCALIZADA Y LEVANTADA POR EL AUXILIAR JUAN MEJIA
BARRENA ATASCADA 
[Pies Mayores]
PIE 10 ALTURA COMPROBADO Y CIAMETROS MEDIDOS A 1.10
PIES 3-11-13-30 DIAMETRO COMPROBADO
PIE 2 ALTURA COMPROBADA","2018-10-24","2000-01-01","2018-10-24","2000-01-01",9,"9.2400.A.1","IFN4","9_2400",44.7253768844221,13274.0739910001,6422.87101190499,37.137956,399.08986174421,0,33.2608649415101,16.0937964794045,34.4214142806136,17.0170855507538,48.3865843768818,38.0479422112614,666.786903986363,29.4157191303868,54.748822313441,-3.02411824145502,41.9202127945072,"2008_2021",4.39880952380952,15.3333333333333,9.86607142857143,553.26428605829,27.8497078824847
"316","9_2421_A_1",9.2421,21,26,NA,20.2707500277778,5.97335788888889,NA,241.20815819705,48.6660448209884,NA,9577,9,2421,"A","1",0,1985,"L","0004",1997,"","3-1",2018,1,1,1,80,65,1,1,3,1,2,4,1,2,1,1,5,1,NA,NA,1,0,0,0,0,110,NA,8.75,NA,1,2,1,"PARCELA LOCALIZADA MEDIANTE ORTOFOTO Y PIES MAYORES IFN3.
[Riesgos] MOD COMBUSTIBLE MIXTO DE 5 Y 8.
[Fisiografía] PENDIENTE COMPROBADA 
[Pies Mayores]
PIE 2,15,22 DIAMETRO COMPROBADO.
PIE 15,20 MARCADO PARA SU CORTA.
PIE 18 APOYADO EN OTRO PINO PROBABLEMENTE DEBIDO AL VIENTO.
026 A 23.5 MTS Y 263 GRS NO POR DIAMETRO (430-384)
026 A 24.6 MTS Y 321 GRS NO POR DIAMETRO (389-435)
SE TIENE QUE HACER LA CALIDAD A PAPEL POR PROBLEMAS EN LA TABLET. LOS PINOS PINASTER O ESTAN RESINADOS  TIENEN MALA CALIDAD.
PENDIENTE COMPROBADA.","2018-07-16","2000-01-01","2018-07-16","2000-01-01",9,"9.2421.A.1","IFN4","9_2421",42.0646408839779,9479.06327751552,5888.36508090386,26.2441079166667,289.874203018039,0,32.7006100536847,20.3135188285017,33.9520641648512,21.7850827756906,62.1196937768223,51.7895370503172,473.757477162172,26.9610003321215,50.1800758306511,-3.13261287400667,41.9021256782284,"2008_2021",4.82738095238095,15.952380952381,10.389880952381,497.807142751557,24.4144212471936
"317","9_2422_A_1",9.2422,26,21,NA,21.9752118055556,16.8511236111111,NA,246.301116375991,335.993768749557,NA,9578,9,2422,"A","1",0,1985,"L","0004",1997,"","3-1",2018,1,1,1,90,70,1,2,2,1,2,4,1,2,1,1,8,1,NA,NA,1,0,0,0,0,45,NA,9,NA,2,2,2,"PARCELA LOCALIZADA MEDIANTE ORTOFOTO Y PIES MAYORES IFN3.
[Suelo] ROCOSIDAD COMPROBADA 
[Pies Mayores]
PIES 7,13,14,17,35,37 DIAMETRO COMPROBADO.
PIE 17,18,37 ALTURA COMPROBADA 
PIE 27,35,37,40 FORMA COMPROBADA 
PIE 14 ESTA MUY DOMINADO DE AHI SU ALTURA COMPROBADA 
026 A 16.5 MTS Y 48 GRS NO POR DIAMETRO (439-401)
021 A 13.4 MTS Y 93 GRS NO POR DIAMETRO (206-219)
026 A 24.2 MTS Y 204 GRS NO POR DIAMETRO 
(416-420)","2018-07-10","2000-01-01","2018-07-10","2000-01-01",9,"9.2422.A.1","IFN4","9_2422",40.2849162011173,16240.5594385134,8661.9193742437,38.8263354166667,582.294885125548,0,27.8906098153547,14.8754859359208,29.1371300707694,18.5195531284916,53.3351046621123,45.9714326723062,744.537079754169,22.3768014966424,41.6479204078772,-3.12055718524021,41.9021389675732,"2008_2021",4.80952380952381,15.7559523809524,10.2827380952381,508.092855521611,25.0505061563113
"318","9_2423_A_1",9.2423,21,26,43,18.2411152777778,16.2154345555556,2.91022847222222,710.467665962221,134.680449620875,60.1252007236049,9579,9,2423,"A","1",0,1985,"L","0005",1997,"","3-1",2018,1,1,1,90,75,1,2,2,1,2,4,1,2,1,1,9,1,NA,NA,0,0,0,0,0,110,NA,4.5,NA,2,2,2,"PARCELA LOCALIZADA MEDIANTE ORTOFOTO Y REFERENCIA Y PIES MAYORES IFN3.
[Suelo] ROCOSIDAD COMPROBADA 
[Selvicultura] HAY CORTAS MUY ANTIGUAS 
[Pies Mayores]
PIE 9 EN IFN3 NO ENTRA POR PERDIDA DE CORTEZA.
PIE 17 MEDIDO A CINTA (212)
PIE 21 FORMA COMPROBADA 
PIE 22 DIAMETROS COMPROBADOS
043 A 11.7 MTS Y 134 GRS NO POR DIAMETRO (221-200)
043 A 14.1 MTS Y 304 GRS NO POR DIAMETRO  (215-231)
BARRENA ATASCADA SACANDO LA MUESTRA DE LA ESP 043.
SE CAMBIA PIE PROPUESTO POR EL TERMINAL DEBIDO A BIFURCACION.
HA LLOVIDO DURANTE EL LEVANTAMIENTO ","2018-07-11","2000-01-01","2018-07-11","2000-01-01",9,"9.2423.A.1","IFN4","9_2423",45.7240331491713,16969.1636944351,10765.7071746707,37.3667783055556,905.273316306701,0,18.7447960618847,11.8922175002266,22.9249304795071,18.4541433856354,63.4427681206307,40.3598329251273,787.735448376547,18.0101052008713,33.5205828257416,-3.10850148874454,41.9021509912734,"2008_2021",4.80952380952381,15.7559523809524,10.2827380952381,508.092855521611,25.0505061563113
"319","9_2438_A_1",9.2438,26,21,NA,26.7872932222222,14.7982519166667,NA,185.610031410281,216.875135786556,NA,9590,9,2438,"A","1",0,1985,"L","0006",1997,"","3-2",2018,1,1,1,100,75,1,2,1,1,2,4,1,2,1,1,8,1,NA,NA,1,0,0,0,0,11,NA,3.5,NA,2,2,1,"PARCELA LOCALIZADA MEDIANTE ORTOFOTO, FOTOGRAFIAS Y PIES MAYORES IFN3.
[Riesgos]MOD COMBUSTIBLE 08 Y TAMBIEN  HAY ZONAS CON ALGO MAS DE MATORRAL(05)
[Pies Mayores]
PIE 5,8,12,29,40 ALTURA COMPROBADA 
PIE 10,13,14,22,37 DIAMETRO COMPROBADO
PIE 4 DIST A CINTA 24.93 MTS AL LATERAL.
026 A 15.2 MTS AL LATERAL Y 71 GRS NO POR DISTANCIA (356-352)
026 A 21.8 MTS Y 299 GRS NO POR DIAMETRO (413-418)
NO SE BARRENA PIE PROPUESTO POR BIFURCADO ","2018-07-12","2000-01-01","2018-07-12","2000-01-01",9,"9.2438.A.1","IFN4","9_2438",48.3425,13997.5499209777,8119.16559758966,41.5855451388889,402.485167196838,0,34.7778031634446,20.1725833876977,36.2703142886028,22.0499999,58.0041910436176,45.6120388891762,731.368131818605,22.6056223609403,42.0738040242363,-3.0843782193674,41.893164691553,"2008_2021",4.80952380952381,15.7559523809524,10.2827380952381,508.092855521611,25.0505061563113
"320","9_2443_A_1",9.2443,21,26,NA,20.6025456666667,18.8543653888889,NA,719.521813835893,634.922119641268,NA,9594,9,2443,"A","1",0,1985,"L","0008",1997,"","3-2",2018,1,1,1,100,85,1,2,1,2,2,4,1,2,1,1,7,1,NA,NA,0,0,0,0,0,50,NA,2.25,NA,2,3,3,"PARCELA LOCALIZADA MEDIANTE ORTOFOTO Y PIES MAYORES IFN3. EL REJON ESTA EN UNA ZONA QUE DIFICULTA DEJAR REFERENCIAS PARA SU LOCALIZACION.
[Pies Mayores]
026 A 12.4 MTS Y 173 GRS NO POR DIAMETRO (210-227)
PIE 41 DIAMETRO COMPROBADO","2018-07-19","2000-01-01","2018-07-19","2000-01-01",9,"9.2443.A.1","IFN4","9_2443",41.0256906077348,23053.7844927928,16649.4319476421,39.4569110555556,1354.44393347716,0,17.020848130353,12.2924482410278,19.2591042743797,19.1441988917127,72.2199513613357,46.6639284022274,891.062637887856,14.1932641756074,26.41664121668,-3.02410807426416,41.8931931598485,"2008_2021",4.39285714285714,15.0714285714286,9.73214285714286,555.600000466619,28.1571040960459
"321","9_2453_A_1",9.2453,26,21,NA,34.3281106944444,6.37944891666667,NA,246.867000618095,111.196253573538,NA,9600,9,2453,"A","1",0,1985,"L","0006",1997,"","3-2",2018,1,1,1,90,75,1,1,2,2,2,4,1,2,1,1,6,1,NA,NA,0,0,0,0,0,195,NA,7.75,NA,2,2,2,"PARCELA LOCALIZADA MEDIANTE ORTOFOTO Y PIES MAYORES IFN3. EL PINCHAZO EN PARCELA DIFIERE CON EL PINCHAZO DE LA FOTO LO QUE DIFICULTO SU BUSQUEDA.
[Suelo]ROCOSIDAD COMPROBADA 
[Selvicultura] CORTAS MUY ANTIGUAS 
[Pies Mayores]
PIES 5,8,11,16,25 DIAMETRO COMPROBADO
PIES 5,8,11,20 ALTURA COMPROBADA 
PIE 11 FORMA COMPROBADA 
EL PIE 4 BIFURCA POR ENCIMA DE 6 METROS.
EL PIE 5,10,15,29 TAMBIEN TIENE FUSARIUM
PIE 25 DENOS DE VIENTO Y FUSARIUM. 
PIES MEDIDOS A CINTA 19(193),20(203),31(272)
026 A 319 GRS Y 21.8 MTS NO POR DIAMETRO (413-414)
PINO LARICI (025) A 12.7 MTS Y 111 GRS EN MODO REFERENCIA (158-161)","2018-07-27","2000-01-01","2018-07-27","2000-01-01",9,"9.2453.A.1","IFN4","9_2453",51.745,12687.5774153769,6307.9257779862,40.7075596111111,358.063254191633,0,35.4338996444093,17.6167917376136,38.0463252168319,20.9249999,49.7173382393804,40.4386895352208,702.534974065077,25.2554236617321,47.0056399565801,-3.07231404016761,41.8841663487235,"2008_2021",4.60119047619048,15.3690476190476,9.98511904761905,536.057142802647,26.8228145914653
"322","9_2457_A_1",9.2457,21,26,NA,20.1614574166667,4.036546,NA,512.40818122564,15.278874536822,NA,9603,9,2457,"A","1",0,1985,"M","0005",1997,"","3-3",2018,1,1,1,100,60,1,1,1,2,2,4,1,2,1,1,6,1,NA,NA,1,0,0,0,0,140,NA,2.75,NA,1,2,1,"PARCELA LOCALIZADA MEDIANTE ORTOFOTO Y PIES MAYORES IFN3.
[ClaEsp. Resto de especies=10%]
[Pies Mayores]
021 A 11.8 MTS Y 34 GRS O POR DIAMETRO (225-211)
021 A 8.1 MTS Y 258 GRS NO POR DIAMETRO (125-118)
021 A 7.8 MTS Y 264 GRS NO POR DIAMETRO (123-120)
PIE 7 EN IFN3 A 10.04 MTS LATERAL CON CINTA Y 280 GRS NO POR DISTANCIA.
021 A 8.7 MTS Y 280 GRS NO POR DIAMETRO (123-122)
021 A 8.6 MTS Y 301 GRS NO POR DIAMETRO (122-117)","2018-07-11","2000-01-01","2018-07-12","2000-01-01",9,"9.2457.A.1","IFN4","9_2457",35.7202564102564,11857.8284247321,7258.99321515847,24.1980034166667,527.687055762462,0,22.471327077748,13.7562465023324,24.1633200157244,16.0138459117949,61.2168852099279,44.8312736836816,499.630657748914,27.1841735500027,50.5954479926146,-3.10845577825413,41.8751313170998,"2008_2021",4.80952380952381,15.7559523809524,10.2827380952381,508.092855521611,25.0505061563113
"323","9_2460_A_1",9.246,26,21,NA,20.05500725,12.9801435,NA,832.274249075218,263.984998941757,NA,9605,9,2460,"A","1",0,1985,"M","0004",1997,"","3-3",2018,1,1,1,75,65,1,2,1,2,2,4,1,2,1,1,9,1,NA,NA,1,0,0,0,0,10,NA,5,NA,1,2,1,"PARCELA LOALIZADA MEDIANTE ORTOFOTO Y PIES MAYORES IFN3. EL LEVANTAMIENTO SE HA DIFICULTADO POR LA PRESENCIA DE NUMEROSOS HORMIGUEROS Y POR LOR MORDISCOS DE LAS MISMAS.
[Riesgos]MOD COMBUSTIBLE MIXTO 9 Y 5.
[Pies Mayores]
026 A 12.9 MTS Y 23GRS NO POR DIAMETRO (219-207)
026 A 5.3 MTS Y 172 GRS NO POR DIAMETRO (122-126)
PIE 2 PAE COMPROBADO
PIE 3 BIFURCACION CORTADA
PIE 6,7,13 ESTAN INCLINADOS PROBABLEMENTE POR EL VIENTO
PIE 13 FORMA RUMBO Y FORMA COMPROBADA
PIE 31 ALTURA COMPROBADA ","2018-07-24","2000-01-01","2018-07-25","2000-01-01",9,"9.2460.A.1","IFN4","9_2460",41.9226519337017,18665.7978291129,11093.608901353,33.03515075,1096.25924801698,0,17.0268099109562,10.1195122608272,19.5878410311132,16.1375690254144,59.4328139783577,38.4936741381128,741.067900695552,18.7156645304863,34.8337767067908,-3.12048948148626,41.8661127219624,"2008_2021",5.04761904761905,16.0892857142857,10.5684523809524,478.221429892949,23.250238814069
"325","9_2614_A_1",9.2614,21,26,NA,15.6492143333333,15.017485,NA,103.556816305127,102.425047820918,NA,9702,9,2614,"A","1",0,1984,"J","0002",1997,"","1-1",2018,1,1,1,90,75,1,2,1,2,2,4,1,2,1,1,8,1,NA,NA,1,0,0,0,0,290,NA,5.5,NA,2,2,2,"PARCELA LOCALIZADA MEDIANTE FOTO AEREA, PIES MAYORES Y TOCONES IFN3.
[Fisiografía] PENDIENTE COMPROBADA 
[Pies Mayores]
PIES 3,5,7,11,15,16,19,22,23,24 CALIDAD COMPROBADA 
PIE 6 ALTURA COMPROBADA
PIE 22 DIAMETRO COMPROBADO 
PIE 19 BIFURCACION COMPROBADA 
021 A 17 MTS Y 204 GRS NO POR DIAMETRO (438-394)
021 A 24.4 MTS Y 267 GRS NO POR DIAMETRO (412-424)
BARRENA ATASCADA DEBIDO A LA RESINA DEL PINASTER ","2018-06-13","2000-01-01","2018-06-13","2000-01-01",9,"9.2614.A.1","IFN4","9_2614",49.115,8803.68750811681,3737.09951335463,30.6666993333333,205.981864126044,0,42.7401098901099,18.1428570384615,43.5385623882457,19.10499992,42.4492522015247,38.8985033492823,501.797133903882,36.4702271029954,67.8787411092092,-3.18055670492112,41.802987413731,"2008_2021",5.07142857142857,16.547619047619,10.8095238095238,470.864285503115,22.6273455276096
"328","9_3448_A_1",9.3448,21,26,NA,24.5635610833333,8.46646233333333,NA,416.915215370503,135.95368916561,NA,9973,9,3448,"A","1",0,1997,"","1-4",NA,"","",2018,1,1,1,100,85,1,1,1,2,2,4,1,2,1,1,5,5,NA,NA,0,0,0,0,0,165,98,9,9.25,2,2,2,"PARCELA LOCALIZADA MEDIANTE ORTOFOTO Y PIES IFN3. 10% RESTO SP.
[Pies Mayores] A 12.6M Y 17G 026 SE VA POR DIAMETRO. PIE 15 Y 16 IFN4 NO CONSIDERO BIFURCADO. PIE 24 IFN4 FORMA COMPROBADA. PIE 29 IFN4 PAES COMPROBADA. PIE 33 IFN4 ENTRA JUSTO POR DISTANCIA (COMPROBADA CON CINTA METRICA, DA 16.02M AL LATERAL Y CON TABLA DE CONVERSION PARA PENDIENTE DE 8.25% ENTRARIA HASTA 16.23M). A 396G Y 10.7M 026 SE VA POR DIAMETRO. A 16.3M Y 399G 021 SE VA POR DIAMETRO.","2018-07-02","2000-01-01","2018-07-02","2000-01-01",9,"9.3448.A.1","IFN4","9_3448",36.6861581920904,14702.7407163823,6891.76271211567,33.0300234166667,552.868904536113,0,26.5935388945752,12.4654554733879,27.580263938737,13.9406780508475,46.8740001953284,37.9998308295282,647.275115965933,30.5073876286074,56.7806463313867,-3.43418340393751,41.9284009423283,"2008_2021",5.32142857142857,16.797619047619,11.0595238095238,481.400000912803,22.8590164367866
"333","9_503_A_1",9.503,21,26,44,10.7666215,8.34004255555556,1.838125,167.784677783989,67.906109052542,159.154943091895,8520,9,503,"A","1",0,1985,"L","0006",NA,"","",2018,1,1,1,100,90,1,2,2,2,2,4,1,2,1,1,5,3,NA,NA,1,0,0,0,0,260,80,7,4.5,2,2,2,"PARCELA LOCALIZADA CON FOTOS AEREAS Y PIES MAYORES IFN3.
[ClaEsp. Resto de especies=10%]
[Pies Mayores]
DIAMETROS COMPROBADOS PIE 3
ALTURAS COMPROBADAS PIES (3, 16, 19)
A 84G Y 12M HAY UN 21 QUE NO ENTRA POR DIAMETROS (212;225)
A 252G Y 13.1M HAY UN 21 QUE NO ENTRA POR DIAMETROS (209;223)
A 271G Y 11.8M HAY UN 21 QUE NO ENTRA POR DIAMETROS (219;220)
CODIGO 311: PROCESIONARIA ","2018-06-18","2000-01-01","2018-06-18","2000-01-01",9,"9.503.A.1","IFN4","9_503",38.2438547486033,9258.94138088989,4626.59879141673,20.9447890555556,394.845729928427,0,23.4495163024006,11.717484680043,25.9883873895906,14.9525141284916,49.9689824256352,39.0978216677744,420.198559624916,33.6567406126336,62.6422527113116,-3.37964847194696,42.8922073571271,"2008_2021",6.18452380952381,16.9285714285714,11.5565476190476,834.000000749316,38.6889410812881
"334","9_514_A_1",9.514,26,21,NA,23.3133653888889,4.85925694444444,NA,379.566855391605,332.456992236404,NA,8528,9,514,"A","1",0,1985,"L","0008",NA,"","",2018,1,1,1,95,75,1,1,1,3,3,5,1,1,1,1,6,3,NA,NA,1,1,0,0,0,265,70,8.5,7,2,3,3,"PARCELA LOCALIZADA CON FOTOS AEREAS Y PIES MAYORES IFN3.
[ClaEsp. Resto de especies=10%]
[Pies Mayores]
A 0G Y 10.8M HAY UN 26 QUE NO ENTRA POR DIAMETROS (221;206)
A 0G Y 18.9M HAY UN 26 QUE NO ENTRA POR DIAMETROS (413;421)
A 106G Y 23.9M HAY UN 26 QUE NO ENTRA POR DIAMETROS (413;427)
DIAMETROS COMPROBADOS PIES (12, 14, 17, 18, 20, 28, 29)
PAE COMPROBADOS PIES (11, 20)
FORMAS COMPROBADAS PIES (16, 20)
ALTURA COMPROBADA PIE (20)
EL METODO DE RESINACION Y LOS ANOS DEL PIE 12 ESTAN COMPROBADOS AUNQUE ESTA DIFICIL DE VER PORQUE LA CORTEZA ESTA CUBRIENDO LA HERIDA CASI EN SU TOTALIDAD.
EL PIE 9 APENAS SE IDENTIFICA LA RESINACION ABANDONADA Y ES DIFICIL IDENTIFICAR CUANTAS CARAS RESINADAS TENIA.","2018-06-22","2000-01-01","2018-06-22","2000-01-01",9,"9.514.A.1","IFN4","9_514",37.6155367231638,14398.4718329557,6899.98219772999,28.1726223333333,712.023847628008,0,20.2218954897675,9.6906616551063,22.445093878644,12.9598869468927,47.921628612955,34.4535478578241,598.895037855259,28.9168856189875,53.8203885342588,-3.3306143345504,42.8833544795939,"2008_2021",6.51190476190476,17.1130952380952,11.8125,838.457143511091,38.4392959775858
"335","9_520_A_1",9.52,21,26,44,15.1055763888889,10.6777194444444,0.600625,251.111132433879,113.176848420903,31.8309886183791,8532,9,520,"A","1",0,1985,"M","0007",NA,"","",2018,1,1,1,100,75,1,2,2,2,1,4,1,2,1,1,7,10,NA,NA,0,0,0,0,0,375,0,10,0,2,3,3,"PARCELA LOCALIZADA CON FTOS AEREAS, CROQUIS Y PIES MAYORES IFN3.
[ClaEsp. Resto de especies=10%]
AUNQUE ENTRE UN FAGINIA PREDOMINA EL ESTADO MONTA BRAVO.
[Pies Mayores]
PAE COMPROBADO PIE (6)
DIAMETROS COMPROBADOS PIE (14)
ALTURAS COMPROBADAS PIES (12, 9)
A 57G HAY UN 26 QUE NO ENTRA POR DISTANCIA.","2018-06-19","2000-01-01","2018-06-19","2000-01-01",9,"9.520.A.1","IFN4","9_520",36.8375,11164.1887414195,4370.39475965587,26.3839208333333,396.118969473162,0,28.1839285714286,11.0330357707143,29.1213769972212,12.725000025,39.1465502857505,34.5436037326094,506.048377515199,39.4847495702075,73.4893996209293,-3.35505220954675,42.8742763068131,"2008_2021",6.875,17.7619047619048,12.3184523809524,795.32142829895,35.6351513413051
"339","9_86_A_1",9.86,21,26,43,21.0667957777778,9.95965377777778,0.64,236.539613199688,59.9837296630788,31.8309886183791,8220,9,86,"A","1",0,1985,"L","0009",1997,"","4-1",2018,1,1,2,100,85,1,2,2,1,2,4,1,2,1,1,8,6,NA,NA,1,0,0,0,0,387,0,6.5,0,2,2,2,"[ClaEsp. Resto de especies=10%]
[Pies Mayores]A 182g hay un 21 que no entra por distancia:15.1 mtrs al lateral.
pie 22 distancia corregida.
pie 23 altura comprobada.","2018-05-07","2000-01-01","2018-05-07","2000-01-01",9,"9.86.A.1","IFN4","9_86",43.606783919598,11110.5712094801,5158.77050604783,31.6664495555556,328.354331481146,0,33.8371391641534,15.7109866124731,35.041555068887,17.1170853577889,46.4311906992335,39.2532624954625,564.553814529587,32.2402802895338,60.0059229925075,-3.65086487944119,43.0620780718374,"2008_2021",6.11904761904762,16.3095238095238,11.2142857142857,915.585713795253,43.1589225358032
"340","9_860_A_1",9.86,21,26,44,19.8265619166667,4.15259611111111,0.714025,309.255738310118,151.65697688401,127.323954473516,8725,9,860,"A","1",0,1985,"L","0007",1997,"","3-2",2018,1,1,1,100,75,1,1,1,1,2,4,1,2,1,1,8,7,NA,NA,0,0,NA,0,NA,80,250,3.25,5,1,2,1,"PARCELA LOCALIZADA POR FOTOS AEREAS- ORTOFOTO-CROQUIS Y PIES IFN 3.
[Riesgos]
OTRO MODELO COMBUSTIBLE POSIBLE 02.
[Pies Mayores]
PIE 6 ESPECIE COMPROBADA.
A 175 G Y 13.3 M UN 021 NO POR DIAMETRO 210-234.
A 310 G UN 026 NO POR DISTANCIA 25.1 M.
A 345 G UN 026 A 5.1 M Y DIAMETRO 77-71.
[Matorral]A MAS DE 10 M HAY ENDRINO.
ESTA LLOVIENDO DURANTE EL LEVANTAMIENTO.","2018-07-18","2000-01-01","2018-07-18","2000-01-01",9,"9.860.A.1","IFN4","9_860",36.875988700565,12032.035888664,6570.02920578214,24.6931830277778,588.236669667645,0,20.4544131794132,11.1690235317941,23.1189204142566,17.8824858067797,54.6044681596412,48.4935765437679,518.831454895724,23.0566424006651,42.9132469052768,-3.65086487944119,43.0620780718374,"2008_2021",6.11904761904762,16.3095238095238,11.2142857142857,915.585713795253,43.1589225358032
"341","9_876_A_1",9.876,21,26,25,18.5535298611111,6.94729169444444,3.31131388888889,647.230101907041,75.4040752604269,155.618166578742,8734,9,876,"A","1",0,1985,"M","0002",1997,"","3-3",2018,1,1,1,100,90,1,2,1,2,2,5,1,1,1,1,8,3,NA,NA,1,0,NA,0,NA,50,NA,7.75,NA,2,2,1,"PARCELA LOCALIZADA CON FOTOS AEREA, ORTOFOTO, CROQUIS Y PIES IFN3.
[ClaEsp. Resto de especies=10%]
10% RESTO ESPECIES.
[Riesgos] OTRO MODELO COMBUSTIBLE POSIBLE 02.
[Pies Mayores]A 25 G Y 6.3 M UN 021 NO POR DIAMETRO 123-123.
PIE 10 FORMA COMPROBADA.
PIE 29 DISTANCIA COMPROBADA.
A MAS DE 10 M HAY LONICERA Y C. SALVIFOLIUS.
A MAS DE 25 M HAY CHOPO.","2018-09-10","2000-01-01","2018-09-10","2000-01-01",9,"9.876.A.1","IFN4","9_876",34.8957627118644,16476.9505070996,9374.36765924484,28.8121354444444,878.25234374621,0,18.7610663659794,10.6738885765544,20.4377519767562,13.4689266101695,56.8938266532124,38.5975991451538,635.580798471406,25.0528624952902,46.6286311450675,-3.51279404702569,42.7025811383452,"2008_2021",5.95833333333333,16.9940476190476,11.4761904761905,699.29999763625,32.5616406881624
"342","9_887_A_1",9.887,26,21,NA,22.4273633611111,10.8505326388889,NA,241.20815819705,229.89047335496,NA,8741,9,887,"A","1",0,1985,"M","0002",1997,"","3-3",2018,1,1,1,100,80,1,1,1,1,2,5,1,1,1,1,5,3,NA,NA,1,4,NA,0,NA,365,NA,5.5,NA,2,2,1,"PARCELA LOCALIZADA CON FOTOS AEREAS, ORTOFOTO, CROQUIS Y PIES IFN3.
[Matorral]
HAY STAELINA DUBIA Y R.PEREGRINA.
[Pies Mayores]
PIE 010 DISTANCIA COMPROBADA.
A 085G Y 23.9M 026 NO POR DIAMETRO 402-425.
A 131G Y 15.6M 026 NO POR DIAMETRO 425-417.
A 135G Y 17M 026 NO POR DIAMETRO 416-412.
A 299G Y 18.9M 026 NO POR DIAMETRO 420-420","2018-09-11","2000-01-01","2018-09-11","2000-01-01",9,"9.887.A.1","IFN4","9_887",42.5294871794872,13302.2408791509,5052.08723254771,33.277896,471.09863155201,0,28.2366366366366,10.7240541453153,29.9900415904112,15.0558976338462,37.9792192792572,35.401079656347,630.908419307662,30.6011272871496,56.9551154948466,-3.50051279802048,42.6936301984559,"2008_2021",5.95833333333333,16.9940476190476,11.4761904761905,699.29999763625,32.5616406881624
"343","9_897_A_1",9.897,26,21,NA,30.0073611111111,11.0106569444444,NA,258.04321439966,236.964026381266,NA,8748,9,897,"A","1",0,1985,"J","0002",NA,"","",2018,1,1,1,90,65,1,2,1,1,2,4,1,2,1,1,5,4,NA,NA,0,0,0,0,0,145,0,13.5,0,2,3,3,"PARCELA LOCALIZADA CON FOTOS AEREAS Y PIES MAYORES IFN3.
[ClaEsp. Resto de especies=10%]
[Pies Mayores]
ALTURAS COMPROBADAS PIES (1, 17, 20, 26, 30, 37)
DIAMETROS COMPROBADOS PIES (9, 14, 26, 28, 36)
ESPECIE COMPROBADA PIE 11
PAE COMPROBADO PIES (26, 27)
HAY VARIOS PINOS CON LA COPA TRONCHADA.","2018-07-03","2000-01-01","2018-07-03","2000-01-01",9,"9.897.A.1","IFN4","9_897",44.4848066298343,15255.4610763049,5518.80021211739,41.0180180555556,495.007240780926,0,30.8186624749929,11.1489282528694,32.4815405839717,13.6430939392818,36.1758991387636,30.6691092372466,753.519701688641,32.9443812121543,61.3164024722854,-3.15902387445188,42.8206860819897,"2008_2021",5.82738095238095,15.547619047619,10.6875,835.428569248744,40.3832541026583
